date,volume
2011-06-01,7478259.22
2011-06-02,7451159.59
2011-06-03,7424059.96
2011-06-04,7396960.33
2011-06-05,7396960.33
2011-06-06,7369860.7
2011-06-07,7369860.7
2011-06-08,7369860.7
2011-06-09,7342761.07
2011-06-10,7342761.07
2011-06-11,7315661.44
2011-06-12,7315661.44
2011-06-13,7288561.81
2011-06-14,7261462.18
2011-06-15,7234362.55
2011-06-16,
2011-06-17,7207262.92
2011-06-18,7207262.92
2011-06-19,7369860.7
2011-06-20,8677249.64
2011-06-21,9098284.15
2011-06-22,9260220.5
2011-06-23,9389769.58
2011-06-24,9454544.12
2011-06-25,9551705.93
2011-06-26,9616480.47
2011-06-27,9616480.47
2011-06-28,9616480.47
2011-06-29,9648867.74
2011-06-30,9648867.74
2011-07-01,9648867.74
2011-07-02,9648867.74
2011-07-03,9616480.47
2011-07-04,9584093.2
2011-07-05,9584093.2
2011-07-06,9584093.2
2011-07-07,9584093.2
2011-07-08,9584093.2
2011-07-09,9584093.2
2011-07-10,9648867.74
2011-07-11,9616480.47
2011-07-12,9648867.74
2011-07-13,9713642.28
2011-07-14,9746029.55
2011-07-15,9778416.82
2011-07-16,9778416.82
2011-07-17,9810804.09
2011-07-18,9810804.09
2011-07-19,9810804.09
2011-07-20,9810804.09
2011-07-21,9810804.09
2011-07-22,9778416.82
2011-07-23,9778416.82
2011-07-24,9746029.55
2011-07-25,9746029.55
2011-07-26,9713642.28
2011-07-27,9713642.28
2011-07-28,9681255.01
2011-07-29,9648867.74
2011-07-30,9648867.74
2011-07-31,9616480.47
2011-08-01,9648867.74
2011-08-02,9648867.74
2011-08-03,9648867.74
2011-08-04,9616480.47
2011-08-05,9584093.2
2011-08-06,9584093.2
2011-08-07,9551705.93
2011-08-08,9551705.93
2011-08-09,9519318.66
2011-08-10,9486931.39
2011-08-11,9454544.12
2011-08-12,9454544.12
2011-08-13,9422156.85
2011-08-14,9389769.58
2011-08-15,9357382.31
2011-08-16,9357382.31
2011-08-17,9324995.04
2011-08-18,9292607.77
2011-08-19,9260220.5
2011-08-20,9227833.23
2011-08-21,9227833.23
2011-08-22,9195445.96
2011-08-23,9163058.69
2011-08-24,9130671.42
2011-08-25,9130671.42
2011-08-26,9098284.15
2011-08-27,9065896.88
2011-08-28,9065896.88
2011-08-29,9033509.61
2011-08-30,9001122.34
2011-08-31,8968735.07
2011-09-01,8936347.8
2011-09-02,8936347.8
2011-09-03,8903960.53
2011-09-04,8871573.26
2011-09-05,8839185.99
2011-09-06,8806798.72
2011-09-07,8806798.72
2011-09-08,8774411.45
2011-09-09,8742024.18
2011-09-10,8709636.91
2011-09-11,8677249.64
2011-09-12,8677249.64
2011-09-13,8644862.37
2011-09-14,8612475.1
2011-09-15,8580087.83
2011-09-16,8547700.56
2011-09-17,8547700.56
2011-09-18,8515313.29
2011-09-19,8482926.02
2011-09-20,8450538.75
2011-09-21,8418151.48
2011-09-22,8385764.21
2011-09-23,8353376.94
2011-09-24,8320989.67
2011-09-25,8288602.4
2011-09-26,8288602.4
2011-09-27,8256215.13
2011-09-28,8223827.86
2011-09-29,8191440.59
2011-09-30,8159053.32
2011-10-01,8126666.05
2011-10-02,8126666.05
2011-10-03,8094278.78
2011-10-04,8061891.51
2011-10-05,8029504.24
2011-10-06,7997116.97
2011-10-07,7932342.43
2011-10-08,7867567.89
2011-10-09,7802793.35
2011-10-10,7770406.08
2011-10-11,7738018.81
2011-10-12,7738018.81
2011-10-13,7673244.27
2011-10-14,7673244.27
2011-10-15,7613757.37
2011-10-16,7586657.74
2011-10-17,7586657.74
2011-10-18,7559558.11
2011-10-19,7559558.11
2011-10-20,7532458.48
2011-10-21,7532458.48
2011-10-22,7532458.48
2011-10-23,7532458.48
2011-10-24,7505358.85
2011-10-25,7478259.22
2011-10-26,7451159.59
2011-10-27,7424059.96
2011-10-28,7396960.33
2011-10-29,7369860.7
2011-10-30,7369860.7
2011-10-31,7342761.07
2011-11-01,7315661.44
2011-11-02,7288561.81
2011-11-03,7261462.18
2011-11-04,7261462.18
2011-11-05,7234362.55
2011-11-06,7234362.55
2011-11-07,7207262.92
2011-11-08,7207262.92
2011-11-09,7153063.66
2011-11-10,7125964.03
2011-11-11,7098864.4
2011-11-12,7071764.77
2011-11-13,7044665.14
2011-11-14,6990465.88
2011-11-15,6963366.25
2011-11-16,6936266.62
2011-11-17,6882067.36
2011-11-18,6854967.73
2011-11-19,6827868.1
2011-11-20,6827868.1
2011-11-21,6800768.47
2011-11-22,6773668.84
2011-11-23,6773668.84
2011-11-24,6746569.21
2011-11-25,6719469.58
2011-11-26,6692369.95
2011-11-27,6692369.95
2011-11-28,6665270.32
2011-11-29,6638170.69
2011-11-30,6611071.06
2011-12-01,6583971.43
2011-12-02,6556871.8
2011-12-03,6556871.8
2011-12-04,6529772.17
2011-12-05,6502672.54
2011-12-06,6475572.91
2011-12-07,6448473.28
2011-12-08,6421373.65
2011-12-09,6421373.65
2011-12-10,6394274.02
2011-12-11,6367174.39
2011-12-12,6340074.76
2011-12-13,6340074.76
2011-12-14,6312975.13
2011-12-15,6285875.5
2011-12-16,6258775.87
2011-12-17,6231676.24
2011-12-18,6231676.24
2011-12-19,6204576.61
2011-12-20,6177476.98
2011-12-21,6150377.35
2011-12-22,6123277.72
2011-12-23,6123277.72
2011-12-24,6096178.09
2011-12-25,6069078.46
2011-12-26,6041978.83
2011-12-27,6014879.2
2011-12-28,6014879.2
2011-12-29,5987779.57
2011-12-30,5960679.94
2011-12-31,5960679.94
2012-01-01,5933580.31
2012-01-02,5906480.68
2012-01-03,5879381.05
2012-01-04,5852281.42
2012-01-05,5852281.42
2012-01-06,5825181.79
2012-01-07,5798082.16
2012-01-08,5770982.53
2012-01-09,5743882.9
2012-01-10,5743882.9
2012-01-11,5716783.27
2012-01-12,5689683.64
2012-01-13,5662584.01
2012-01-14,5635484.38
2012-01-15,5608384.75
2012-01-16,5581285.12
2012-01-17,5581285.12
2012-01-18,5527085.86
2012-01-19,5499986.23
2012-01-20,5472886.6
2012-01-21,5445786.97
2012-01-22,5418687.34
2012-01-23,5391587.71
2012-01-24,5391587.71
2012-01-25,5418687.34
2012-01-26,5391587.71
2012-01-27,5364488.08
2012-01-28,5337388.45
2012-01-29,5310288.82
2012-01-30,5283189.19
2012-01-31,5256089.56
2012-02-01,5256089.56
2012-02-02,5228989.93
2012-02-03,5201890.3
2012-02-04,5174790.67
2012-02-05,5147691.04
2012-02-06,5147691.04
2012-02-07,5120591.41
2012-02-08,5093491.78
2012-02-09,5066392.15
2012-02-10,5039292.52
2012-02-11,5039292.52
2012-02-12,5012192.89
2012-02-13,4985093.26
2012-02-14,4957993.63
2012-02-15,4957993.63
2012-02-16,5066392.15
2012-02-17,5120591.41
2012-02-18,5147691.04
2012-02-19,5960679.94
2012-02-20,6583971.43
2012-02-21,6692369.95
2012-02-22,6692369.95
2012-02-23,6692369.95
2012-02-24,6665270.32
2012-02-25,6665270.32
2012-02-26,6665270.32
2012-02-27,6665270.32
2012-02-28,6665270.32
2012-02-29,6692369.95
2012-03-01,6719469.58
2012-03-02,6692369.95
2012-03-03,6665270.32
2012-03-04,6692369.95
2012-03-05,6692369.95
2012-03-06,6665270.32
2012-03-07,6638170.69
2012-03-08,6611071.06
2012-03-09,6611071.06
2012-03-10,6583971.43
2012-03-11,6611071.06
2012-03-12,6611071.06
2012-03-13,6583971.43
2012-03-14,6556871.8
2012-03-15,6529772.17
2012-03-16,6556871.8
2012-03-17,6529772.17
2012-03-18,6502672.54
2012-03-19,6475572.91
2012-03-20,6502672.54
2012-03-21,6475572.91
2012-03-22,6448473.28
2012-03-23,6448473.28
2012-03-24,6421373.65
2012-03-25,6394274.02
2012-03-26,6394274.02
2012-03-27,6394274.02
2012-03-28,6475572.91
2012-03-29,6475572.91
2012-03-30,6448473.28
2012-03-31,6421373.65
2012-04-01,6394274.02
2012-04-02,6394274.02
2012-04-03,6367174.39
2012-04-04,6340074.76
2012-04-05,6340074.76
2012-04-06,6312975.13
2012-04-07,6285875.5
2012-04-08,6285875.5
2012-04-09,6258775.87
2012-04-10,6231676.24
2012-04-11,6231676.24
2012-04-12,6204576.61
2012-04-13,6177476.98
2012-04-14,6150377.35
2012-04-15,6150377.35
2012-04-16,6123277.72
2012-04-17,6231676.24
2012-04-18,6231676.24
2012-04-19,6204576.61
2012-04-20,6204576.61
2012-04-21,6177476.98
2012-04-22,6150377.35
2012-04-23,6150377.35
2012-04-24,6123277.72
2012-04-25,6096178.09
2012-04-26,6069078.46
2012-04-27,6069078.46
2012-04-28,6041978.83
2012-04-29,6014879.2
2012-04-30,6014879.2
2012-05-01,5987779.57
2012-05-02,5960679.94
2012-05-03,5933580.31
2012-05-04,5906480.68
2012-05-05,5879381.05
2012-05-06,5879381.05
2012-05-07,5852281.42
2012-05-08,5825181.79
2012-05-09,5798082.16
2012-05-10,5798082.16
2012-05-11,5770982.53
2012-05-12,5743882.9
2012-05-13,5743882.9
2012-05-14,5716783.27
2012-05-15,5689683.64
2012-05-16,5689683.64
2012-05-17,5662584.01
2012-05-18,5635484.38
2012-05-19,5608384.75
2012-05-20,5608384.75
2012-05-21,5581285.12
2012-05-22,5554185.49
2012-05-23,5554185.49
2012-05-24,5554185.49
2012-05-25,5527085.86
2012-05-26,5527085.86
2012-05-27,5499986.23
2012-05-28,5472886.6
2012-05-29,5472886.6
2012-05-30,5445786.97
2012-05-31,5418687.34
2012-06-01,5391587.71
2012-06-02,5391587.71
2012-06-03,5364488.08
2012-06-04,5337388.45
2012-06-05,5337388.45
2012-06-06,5310288.82
2012-06-07,5310288.82
2012-06-08,5283189.19
2012-06-09,5283189.19
2012-06-10,5256089.56
2012-06-11,5228989.93
2012-06-12,5201890.3
2012-06-13,5201890.3
2012-06-14,5174790.67
2012-06-15,5147691.04
2012-06-16,5147691.04
2012-06-17,5120591.41
2012-06-18,5093491.78
2012-06-19,5093491.78
2012-06-20,5066392.15
2012-06-21,5039292.52
2012-06-22,5039292.52
2012-06-23,5012192.89
2012-06-24,4985093.26
2012-06-25,4985093.26
2012-06-26,4985093.26
2012-06-27,4957993.63
2012-06-28,4930894.0
2012-06-29,4910557.78
2012-06-30,4890221.56
2012-07-01,4869885.34
2012-07-02,4849549.12
2012-07-03,4829212.9
2012-07-04,4829212.9
2012-07-05,4829212.9
2012-07-06,4808876.68
2012-07-07,4788540.46
2012-07-08,4788540.46
2012-07-09,4768204.24
2012-07-10,4747868.02
2012-07-11,4727531.8
2012-07-12,4727531.8
2012-07-13,4707195.58
2012-07-14,4686859.36
2012-07-15,4646186.92
2012-07-16,4625850.7
2012-07-17,4605514.48
2012-07-18,4585178.26
2012-07-19,4564842.04
2012-07-20,4544505.82
2012-07-21,4524169.6
2012-07-22,4483497.16
2012-07-23,4463160.94
2012-07-24,4442824.72
2012-07-25,4442824.72
2012-07-26,4422488.5
2012-07-27,4381816.06
2012-07-28,4361479.84
2012-07-29,4341143.62
2012-07-30,4320807.4
2012-07-31,4300471.18
2012-08-01,4280134.96
2012-08-02,4259798.74
2012-08-03,4239462.52
2012-08-04,4198790.08
2012-08-05,4178453.86
2012-08-06,4158117.64
2012-08-07,4158117.64
2012-08-08,4137781.42
2012-08-09,4117445.2
2012-08-10,4117445.2
2012-08-11,4097108.98
2012-08-12,4076772.76
2012-08-13,4056436.54
2012-08-14,4036100.32
2012-08-15,4036100.32
2012-08-16,4015764.1
2012-08-17,3995427.88
2012-08-18,3975091.66
2012-08-19,3954755.44
2012-08-20,3954755.44
2012-08-21,3934419.22
2012-08-22,3914083.0
2012-08-23,3893746.78
2012-08-24,3873410.56
2012-08-25,3853074.34
2012-08-26,3832738.12
2012-08-27,3812401.9
2012-08-28,3792065.68
2012-08-29,3771729.46
2012-08-30,3751393.24
2012-08-31,3751393.24
2012-09-01,3731057.02
2012-09-02,3710720.8
2012-09-03,3690384.58
2012-09-04,3670048.36
2012-09-05,3649712.14
2012-09-06,3629375.92
2012-09-07,3609039.7
2012-09-08,3588703.48
2012-09-09,3568367.26
2012-09-10,3548031.04
2012-09-11,3527694.82
2012-09-12,3507358.6
2012-09-13,3507358.6
2012-09-14,3487022.38
2012-09-15,3466686.16
2012-09-16,3446349.94
2012-09-17,3426013.72
2012-09-18,3385341.28
2012-09-19,3365005.06
2012-09-20,3344668.84
2012-09-21,3303996.4
2012-09-22,3283660.18
2012-09-23,3263323.96
2012-09-24,3222651.52
2012-09-25,3181979.08
2012-09-26,3181979.08
2012-09-27,3161642.86
2012-09-28,3141306.64
2012-09-29,3120970.42
2012-09-30,3100634.2
2012-10-01,3080297.98
2012-10-02,3059961.76
2012-10-03,3039625.54
2012-10-04,3019289.32
2012-10-05,2998953.1
2012-10-06,2978616.88
2012-10-07,2958280.66
2012-10-08,2937944.44
2012-10-09,2917608.22
2012-10-10,2869378.0
2012-10-11,2841484.0
2012-10-12,2813590.0
2012-10-13,2799643.0
2012-10-14,2785696.0
2012-10-15,2771749.0
2012-10-16,2757802.0
2012-10-17,2743855.0
2012-10-18,2729908.0
2012-10-19,2729908.0
2012-10-20,2715961.0
2012-10-21,2702014.0
2012-10-22,2688067.0
2012-10-23,2674120.0
2012-10-24,2660173.0
2012-10-25,2646226.0
2012-10-26,2632279.0
2012-10-27,2618332.0
2012-10-28,2604385.0
2012-10-29,2590438.0
2012-10-30,2576491.0
2012-10-31,2576491.0
2012-11-01,2548597.0
2012-11-02,2534650.0
2012-11-03,2506756.0
2012-11-04,2492809.0
2012-11-05,2478862.0
2012-11-06,2450968.0
2012-11-07,2423074.0
2012-11-08,2395180.0
2012-11-09,2395180.0
2012-11-10,2381233.0
2012-11-11,2367286.0
2012-11-12,2339392.0
2012-11-13,2325445.0
2012-11-14,2311498.0
2012-11-15,2311498.0
2012-11-16,2297551.0
2012-11-17,2283604.0
2012-11-18,2269657.0
2012-11-19,2255710.0
2012-11-20,2241763.0
2012-11-21,2227816.0
2012-11-22,2213869.0
2012-11-23,2199922.0
2012-11-24,2185975.0
2012-11-25,2172028.0
2012-11-26,2172028.0
2012-11-27,2144134.0
2012-11-28,2116240.0
2012-11-29,2088346.0
2012-11-30,2060452.0
2012-12-01,2060452.0
2012-12-02,2046505.0
2012-12-03,2018611.0
2012-12-04,2004664.0
2012-12-05,1990717.0
2012-12-06,1976770.0
2012-12-07,1962823.0
2012-12-08,1948876.0
2012-12-09,1948876.0
2012-12-10,1934929.0
2012-12-11,1920982.0
2012-12-12,1907035.0
2012-12-13,1893088.0
2012-12-14,1879141.0
2012-12-15,1865194.0
2012-12-16,1851247.0
2012-12-17,1837300.0
2012-12-18,1837300.0
2012-12-19,1823353.0
2012-12-20,1809406.0
2012-12-21,1795459.0
2012-12-22,1795459.0
2012-12-23,1781512.0
2012-12-24,1767565.0
2012-12-25,1753618.0
2012-12-26,1739671.0
2012-12-27,1739671.0
2012-12-28,1725724.0
2012-12-29,1697830.0
2012-12-30,1669936.0
2012-12-31,1642042.0
2013-01-01,1628095.0
2013-01-02,1614148.0
2013-01-03,1600201.0
2013-01-04,1586254.0
2013-01-05,1572307.0
2013-01-06,1558360.0
2013-01-07,1558360.0
2013-01-08,1544413.0
2013-01-09,1530466.0
2013-01-10,1516519.0
2013-01-11,1516519.0
2013-01-12,1494353.42
2013-01-13,1486134.84
2013-01-14,1477916.26
2013-01-15,1469697.68
2013-01-16,1461479.1
2013-01-17,1453260.52
2013-01-18,1445041.94
2013-01-19,1436823.36
2013-01-20,1436823.36
2013-01-21,1436823.36
2013-01-22,1428604.78
2013-01-23,1420386.2
2013-01-24,1412167.62
2013-01-25,1403949.04
2013-01-26,1395730.46
2013-01-27,1387511.88
2013-01-28,1387511.88
2013-01-29,1379293.3
2013-01-30,1371074.72
2013-01-31,1362856.14
2013-02-01,1354637.56
2013-02-02,1346418.98
2013-02-03,1338200.4
2013-02-04,1329981.82
2013-02-05,1321763.24
2013-02-06,1313544.66
2013-02-07,1305326.08
2013-02-08,1305326.08
2013-02-09,1297107.5
2013-02-10,1288888.92
2013-02-11,1280670.34
2013-02-12,1272451.76
2013-02-13,1264233.18
2013-02-14,1256014.6
2013-02-15,1256014.6
2013-02-16,1256014.6
2013-02-17,1256014.6
2013-02-18,1256014.6
2013-02-19,1264233.18
2013-02-20,1264233.18
2013-02-21,1256014.6
2013-02-22,1247796.02
2013-02-23,1239577.44
2013-02-24,1231358.86
2013-02-25,1223140.28
2013-02-26,1214921.7
2013-02-27,1206703.12
2013-02-28,1198484.54
2013-03-01,1190265.96
2013-03-02,1182047.38
2013-03-03,1182047.38
2013-03-04,1173828.8
2013-03-05,1165610.22
2013-03-06,1157391.64
2013-03-07,1149173.06
2013-03-08,1140954.48
2013-03-09,1132735.9
2013-03-10,1124517.32
2013-03-11,1116298.74
2013-03-12,1108080.16
2013-03-13,1108080.16
2013-03-14,1099861.58
2013-03-15,1091643.0
2013-03-16,1083424.42
2013-03-17,1075205.84
2013-03-18,1066987.26
2013-03-19,1066987.26
2013-03-20,1066987.26
2013-03-21,1066987.26
2013-03-22,1058768.68
2013-03-23,1050550.1
2013-03-24,1042331.52
2013-03-25,1050550.1
2013-03-26,1050550.1
2013-03-27,1042331.52
2013-03-28,1034112.94
2013-03-29,1025894.36
2013-03-30,1025894.36
2013-03-31,1025894.36
2013-04-01,1017675.78
2013-04-02,1009457.2
2013-04-03,1001238.62
2013-04-04,993020.04
2013-04-05,993020.04
2013-04-06,984801.46
2013-04-07,976582.88
2013-04-08,968364.3
2013-04-09,968364.3
2013-04-10,984801.46
2013-04-11,984801.46
2013-04-12,976582.88
2013-04-13,968364.3
2013-04-14,960145.72
2013-04-15,951927.14
2013-04-16,943708.56
2013-04-17,943708.56
2013-04-18,935489.98
2013-04-19,927271.4
2013-04-20,960145.72
2013-04-21,976582.88
2013-04-22,976582.88
2013-04-23,968364.3
2013-04-24,968364.3
2013-04-25,960145.72
2013-04-26,960145.72
2013-04-27,976582.88
2013-04-28,976582.88
2013-04-29,968364.3
2013-04-30,976582.88
2013-05-01,976582.88
2013-05-02,976582.88
2013-05-03,968364.3
2013-05-04,968364.3
2013-05-05,960145.72
2013-05-06,960145.72
2013-05-07,951927.14
2013-05-08,943708.56
2013-05-09,943708.56
2013-05-10,943708.56
2013-05-11,943708.56
2013-05-12,935489.98
2013-05-13,927271.4
2013-05-14,927271.4
2013-05-15,968364.3
2013-05-16,968364.3
2013-05-17,960145.72
2013-05-18,960145.72
2013-05-19,960145.72
2013-05-20,960145.72
2013-05-21,951927.14
2013-05-22,951927.14
2013-05-23,951927.14
2013-05-24,951927.14
2013-05-25,960145.72
2013-05-26,960145.72
2013-05-27,951927.14
2013-05-28,943708.56
2013-05-29,943708.56
2013-05-30,935489.98
2013-05-31,927271.4
2013-06-01,919052.82
2013-06-02,910834.24
2013-06-03,902615.66
2013-06-04,902615.66
2013-06-05,894397.08
2013-06-06,894397.08
2013-06-07,886178.5
2013-06-08,886178.5
2013-06-09,877959.92
2013-06-10,877959.92
2013-06-11,869741.34
2013-06-12,861522.76
2013-06-13,853304.18
2013-06-14,861522.76
2013-06-15,861522.76
2013-06-16,861522.76
2013-06-17,853304.18
2013-06-18,845085.6
2013-06-19,845085.6
2013-06-20,836867.02
2013-06-21,828648.44
2013-06-22,845085.6
2013-06-23,845085.6
2013-06-24,845085.6
2013-06-25,836867.02
2013-06-26,828648.44
2013-06-27,828648.44
2013-06-28,820429.86
2013-06-29,812211.28
2013-06-30,812211.28
2013-07-01,812211.28
2013-07-02,803992.7
2013-07-03,795774.12
2013-07-04,795774.12
2013-07-05,795774.12
2013-07-06,795774.12
2013-07-07,795774.12
2013-07-08,787555.54
2013-07-09,779336.96
2013-07-10,779336.96
2013-07-11,771118.38
2013-07-12,762899.8
2013-07-13,762899.8
2013-07-14,754681.22
2013-07-15,812211.28
2013-07-16,812211.28
2013-07-17,803992.7
2013-07-18,803992.7
2013-07-19,795774.12
2013-07-20,795774.12
2013-07-21,787555.54
2013-07-22,779336.96
2013-07-23,779336.96
2013-07-24,779336.96
2013-07-25,771118.38
2013-07-26,762899.8
2013-07-27,754681.22
2013-07-28,746462.64
2013-07-29,746462.64
2013-07-30,738244.06
2013-07-31,730025.48
2013-08-01,721806.9
2013-08-02,713588.32
2013-08-03,713588.32
2013-08-04,705369.74
2013-08-05,697151.16
2013-08-06,688932.58
2013-08-07,676756.49
2013-08-08,672798.98
2013-08-09,668841.47
2013-08-10,664883.96
2013-08-11,660926.45
2013-08-12,660926.45
2013-08-13,656968.94
2013-08-14,653011.43
2013-08-15,649053.92
2013-08-16,645096.41
2013-08-17,641138.9
2013-08-18,641138.9
2013-08-19,637181.39
2013-08-20,633223.88
2013-08-21,629266.37
2013-08-22,625308.86
2013-08-23,621351.35
2013-08-24,617393.84
2013-08-25,613436.33
2013-08-26,609478.82
2013-08-27,609478.82
2013-08-28,605521.31
2013-08-29,601563.8
2013-08-30,597606.29
2013-08-31,593648.78
2013-09-01,593648.78
2013-09-02,589691.27
2013-09-03,585733.76
2013-09-04,581776.25
2013-09-05,577818.74
2013-09-06,573861.23
2013-09-07,569903.72
2013-09-08,565946.21
2013-09-09,561988.7
2013-09-10,558031.19
2013-09-11,558031.19
2013-09-12,550116.17
2013-09-13,546158.66
2013-09-14,542201.15
2013-09-15,538243.64
2013-09-16,534286.13
2013-09-17,530328.62
2013-09-18,526371.11
2013-09-19,522413.6
2013-09-20,514498.58
2013-09-21,510541.07
2013-09-22,506583.56
2013-09-23,502626.05
2013-09-24,498668.54
2013-09-25,494711.03
2013-09-26,490753.52
2013-09-27,486796.01
2013-09-28,482838.5
2013-09-29,478880.99
2013-09-30,474923.48
2013-10-01,470965.97
2013-10-02,467008.46
2013-10-03,463050.95
2013-10-04,459093.44
2013-10-05,455135.93
2013-10-06,451178.42
2013-10-07,443263.4
2013-10-08,439305.89
2013-10-09,435348.38
2013-10-10,431390.87
2013-10-11,427433.36
2013-10-12,423475.85
2013-10-13,419518.34
2013-10-14,415560.83
2013-10-15,411603.32
2013-10-16,403688.3
2013-10-17,399730.79
2013-10-18,395773.28
2013-10-19,391815.77
2013-10-20,387858.26
2013-10-21,383900.75
2013-10-22,379943.24
2013-10-23,372028.22
2013-10-24,368070.71
2013-10-25,364113.2
2013-10-26,360155.69
2013-10-27,360155.69
2013-10-28,356198.18
2013-10-29,356198.18
2013-10-30,348283.16
2013-10-31,344325.65
2013-11-01,332453.12
2013-11-02,332453.12
2013-11-03,328495.61
2013-11-04,328495.61
2013-11-05,324538.1
2013-11-06,320580.59
2013-11-07,316623.08
2013-11-08,312665.57
2013-11-09,308708.06
2013-11-10,304750.55
2013-11-11,300793.04
2013-11-12,296835.53
2013-11-13,292878.02
2013-11-14,288920.51
2013-11-15,283435.98
2013-11-16,281908.96
2013-11-17,280381.94
2013-11-18,278854.92
2013-11-19,277327.9
2013-11-20,275800.88
2013-11-21,274273.86
2013-11-22,272746.84
2013-11-23,271219.82
2013-11-24,269692.8
2013-11-25,268165.78
2013-11-26,266638.76
2013-11-27,265111.74
2013-11-28,263584.72
2013-11-29,262057.7
2013-11-30,260530.68
2013-12-01,259003.66
2013-12-02,257476.64
2013-12-03,254422.6
2013-12-04,252895.58
2013-12-05,251368.56
2013-12-06,249841.54
2013-12-07,248314.52
2013-12-08,246787.5
2013-12-09,245260.48
2013-12-10,243733.46
2013-12-11,242206.44
2013-12-12,240679.42
2013-12-13,239152.4
2013-12-14,237625.38
2013-12-15,236098.36
2013-12-16,234571.34
2013-12-17,233044.32
2013-12-18,231517.3
2013-12-19,229990.28
2013-12-20,231517.3
2013-12-21,231517.3
2013-12-22,229990.28
2013-12-23,228463.26
2013-12-24,226936.24
2013-12-25,225409.22
2013-12-26,223882.2
2013-12-27,222355.18
2013-12-28,220828.16
2013-12-29,219301.14
2013-12-30,217774.12
2013-12-31,216247.1
2014-01-01,213193.06
2014-01-02,211666.04
2014-01-03,210139.02
2014-01-04,208612.0
2014-01-05,207084.98
2014-01-06,205557.96
2014-01-07,204030.94
2014-01-08,202503.92
2014-01-09,202503.92
2014-01-10,202503.92
2014-01-11,200976.9
2014-01-12,199449.88
2014-01-13,197922.86
2014-01-14,196395.84
2014-01-15,194868.82
2014-01-16,193341.8
2014-01-17,191814.78
2014-01-18,190287.76
2014-01-19,188760.74
2014-01-20,187233.72
2014-01-21,187233.72
2014-01-22,185706.7
2014-01-23,184179.68
2014-01-24,182652.66
2014-01-25,181125.64
2014-01-26,179598.62
2014-01-27,178071.6
2014-01-28,176544.58
2014-01-29,173490.54
2014-01-30,171963.52
2014-01-31,171963.52
2014-02-01,170436.5
2014-02-02,168909.48
2014-02-03,167382.46
2014-02-04,165855.44
2014-02-05,165855.44
2014-02-06,164328.42
2014-02-07,162801.4
2014-02-08,161274.38
2014-02-09,159747.36
2014-02-10,159747.36
2014-02-11,158220.34
2014-02-12,156693.32
2014-02-13,155166.3
2014-02-14,153639.28
2014-02-15,153639.28
2014-02-16,153639.28
2014-02-17,152112.26
2014-02-18,150585.24
2014-02-19,149058.22
2014-02-20,149058.22
2014-02-21,147531.2
2014-02-22,147531.2
2014-02-23,146004.18
2014-02-24,144477.16
2014-02-25,141423.12
2014-02-26,139896.1
2014-02-27,138369.08
2014-02-28,136842.06
2014-03-01,135315.04
2014-03-02,133788.02
2014-03-03,131478.51
2014-03-04,130696.02
2014-03-05,129913.53
2014-03-06,129131.04
2014-03-07,128348.55
2014-03-08,135315.04
2014-03-09,135315.04
2014-03-10,133788.02
2014-03-11,136842.06
2014-03-12,135315.04
2014-03-13,135315.04
2014-03-14,283435.98
2014-03-15,316623.08
2014-03-16,316623.08
2014-03-17,344325.65
2014-03-18,340368.14
2014-03-19,332453.12
2014-03-20,332453.12
2014-03-21,324538.1
2014-03-22,320580.59
2014-03-23,320580.59
2014-03-24,312665.57
2014-03-25,308708.06
2014-03-26,304750.55
2014-03-27,300793.04
2014-03-28,300793.04
2014-03-29,300793.04
2014-03-30,296835.53
2014-03-31,296835.53
2014-04-01,296835.53
2014-04-02,292878.02
2014-04-03,288920.51
2014-04-04,284963.0
2014-04-05,283435.98
2014-04-06,281908.96
2014-04-07,281908.96
2014-04-08,360155.69
2014-04-09,379943.24
2014-04-10,451178.42
2014-04-11,502626.05
2014-04-12,502626.05
2014-04-13,498668.54
2014-04-14,494711.03
2014-04-15,494711.03
2014-04-16,490753.52
2014-04-17,510541.07
2014-04-18,514498.58
2014-04-19,510541.07
2014-04-20,506583.56
2014-04-21,502626.05
2014-04-22,498668.54
2014-04-23,494711.03
2014-04-24,490753.52
2014-04-25,486796.01
2014-04-26,486796.01
2014-04-27,486796.01
2014-04-28,478880.99
2014-04-29,482838.5
2014-04-30,482838.5
2014-05-01,482838.5
2014-05-02,486796.01
2014-05-03,486796.01
2014-05-04,486796.01
2014-05-05,482838.5
2014-05-06,486796.01
2014-05-07,486796.01
2014-05-08,482838.5
2014-05-09,482838.5
2014-05-10,478880.99
2014-05-11,478880.99
2014-05-12,478880.99
2014-05-13,478880.99
2014-05-14,474923.48
2014-05-15,478880.99
2014-05-16,478880.99
2014-05-17,478880.99
2014-05-18,474923.48
2014-05-19,470965.97
2014-05-20,470965.97
2014-05-21,467008.46
2014-05-22,467008.46
2014-05-23,467008.46
2014-05-24,467008.46
2014-05-25,463050.95
2014-05-26,459093.44
2014-05-27,455135.93
2014-05-28,455135.93
2014-05-29,451178.42
2014-05-30,451178.42
2014-05-31,447220.91
2014-06-01,443263.4
2014-06-02,439305.89
2014-06-03,435348.38
2014-06-04,435348.38
2014-06-05,431390.87
2014-06-06,427433.36
2014-06-07,423475.85
2014-06-08,423475.85
2014-06-09,419518.34
2014-06-10,415560.83
2014-06-11,435348.38
2014-06-12,435348.38
2014-06-13,431390.87
2014-06-14,427433.36
2014-06-15,423475.85
2014-06-16,423475.85
2014-06-17,419518.34
2014-06-18,419518.34
2014-06-19,415560.83
2014-06-20,411603.32
2014-06-21,407645.81
2014-06-22,407645.81
2014-06-23,407645.81
2014-06-24,399730.79
2014-06-25,395773.28
2014-06-26,395773.28
2014-06-27,391815.77
2014-06-28,387858.26
2014-06-29,383900.75
2014-06-30,379943.24
2014-07-01,375985.73
2014-07-02,372028.22
2014-07-03,372028.22
2014-07-04,368070.71
2014-07-05,364113.2
2014-07-06,360155.69
2014-07-07,356198.18
2014-07-08,352240.67
2014-07-09,348283.16
2014-07-10,348283.16
2014-07-11,344325.65
2014-07-12,340368.14
2014-07-13,336410.63
2014-07-14,332453.12
2014-07-15,328495.61
2014-07-16,324538.1
2014-07-17,324538.1
2014-07-18,316623.08
2014-07-19,316623.08
2014-07-20,312665.57
2014-07-21,308708.06
2014-07-22,304750.55
2014-07-23,300793.04
2014-07-24,296835.53
2014-07-25,292878.02
2014-07-26,288920.51
2014-07-27,283435.98
2014-07-28,281908.96
2014-07-29,280381.94
2014-07-30,278854.92
2014-07-31,277327.9
2014-08-01,275800.88
2014-08-02,274273.86
2014-08-03,272746.84
2014-08-04,271219.82
2014-08-05,269692.8
2014-08-06,268165.78
2014-08-07,266638.76
2014-08-08,265111.74
2014-08-09,263584.72
2014-08-10,262057.7
2014-08-11,260530.68
2014-08-12,259003.66
2014-08-13,257476.64
2014-08-14,255949.62
2014-08-15,254422.6
2014-08-16,252895.58
2014-08-17,251368.56
2014-08-18,249841.54
2014-08-19,248314.52
2014-08-20,246787.5
2014-08-21,245260.48
2014-08-22,243733.46
2014-08-23,242206.44
2014-08-24,240679.42
2014-08-25,239152.4
2014-08-26,236098.36
2014-08-27,234571.34
2014-08-28,231517.3
2014-08-29,229990.28
2014-08-30,228463.26
2014-08-31,226936.24
2014-09-01,225409.22
2014-09-02,223882.2
2014-09-03,222355.18
2014-09-04,220828.16
2014-09-05,219301.14
2014-09-06,217774.12
2014-09-07,216247.1
2014-09-08,214720.08
2014-09-09,214720.08
2014-09-10,213193.06
2014-09-11,211666.04
2014-09-12,210139.02
2014-09-13,208612.0
2014-09-14,207084.98
2014-09-15,205557.96
2014-09-16,204030.94
2014-09-17,202503.92
2014-09-18,200976.9
2014-09-19,199449.88
2014-09-20,197922.86
2014-09-21,196395.84
2014-09-22,194868.82
2014-09-23,191814.78
2014-09-24,190287.76
2014-09-25,188760.74
2014-09-26,187233.72
2014-09-27,184179.68
2014-09-28,182652.66
2014-09-29,181125.64
2014-09-30,179598.62
2014-10-01,178071.6
2014-10-02,175017.56
2014-10-03,173490.54
2014-10-04,171963.52
2014-10-05,170436.5
2014-10-06,168909.48
2014-10-07,167382.46
2014-10-08,165855.44
2014-10-09,164328.42
2014-10-10,162801.4
2014-10-11,161274.38
2014-10-12,159747.36
2014-10-13,158220.34
2014-10-14,156693.32
2014-10-15,155166.3
2014-10-16,152112.26
2014-10-17,150585.24
2014-10-18,149058.22
2014-10-19,147531.2
2014-10-20,144477.16
2014-10-21,142950.14
2014-10-22,141423.12
2014-10-23,139896.1
2014-10-24,136842.06
2014-10-25,135315.04
2014-10-26,133788.02
2014-10-27,131478.51
2014-10-28,130696.02
2014-10-29,129913.53
2014-10-30,129131.04
2014-10-31,128348.55
2014-11-01,127566.06
2014-11-02,126783.57
2014-11-03,126001.08
2014-11-04,125218.59
2014-11-05,124436.1
2014-11-06,123653.61
2014-11-07,122871.12
2014-11-08,122088.63
2014-11-09,121306.14
2014-11-10,119741.16
2014-11-11,118958.67
2014-11-12,118176.18
2014-11-13,117393.69
2014-11-14,116611.2
2014-11-15,115828.71
2014-11-16,115046.22
2014-11-17,115046.22
2014-11-18,118176.18
2014-11-19,117393.69
2014-11-20,116611.2
2014-11-21,116611.2
2014-11-22,115828.71
2014-11-23,115046.22
2014-11-24,114263.73
2014-11-25,111916.26
2014-11-26,111133.77
2014-11-27,110351.28
2014-11-28,108786.3
2014-11-29,108786.3
2014-11-30,108003.81
2014-12-01,107221.32
2014-12-02,105656.34
2014-12-03,104873.85
2014-12-04,104091.36
2014-12-05,102526.38
2014-12-06,101743.89
2014-12-07,100961.4
2014-12-08,100178.91
2014-12-09,99396.42
2014-12-10,98613.93
2014-12-11,97831.44
2014-12-12,96266.46
2014-12-13,95483.97
2014-12-14,94701.48
2014-12-15,93136.5
2014-12-16,92354.01
2014-12-17,91571.52
2014-12-18,90006.54
2014-12-19,89224.05
2014-12-20,88441.56
2014-12-21,87659.07
2014-12-22,86094.09
2014-12-23,85311.6
2014-12-24,84529.11
2014-12-25,82964.13
2014-12-26,82181.64
2014-12-27,81399.15
2014-12-28,80616.66
2014-12-29,79834.17
2014-12-30,79051.68
2014-12-31,78269.19
2015-01-01,77486.7
2015-01-02,76704.21
2015-01-03,75921.72
2015-01-04,75139.23
2015-01-05,75921.72
2015-01-06,75139.23
2015-01-07,74356.74
2015-01-08,74356.74
2015-01-09,72791.76
2015-01-10,71226.78
2015-01-11,69661.8
2015-01-12,68096.82
2015-01-13,68096.82
2015-01-14,66531.84
2015-01-15,64966.86
2015-01-16,64966.86
2015-01-17,63401.88
2015-01-18,61836.9
2015-01-19,60271.92
2015-01-20,60271.92
2015-01-21,59489.43
2015-01-22,57924.45
2015-01-23,57141.96
2015-01-24,56359.47
2015-01-25,55576.98
2015-01-26,54794.49
2015-01-27,53335.96
2015-01-28,52659.92
2015-01-29,52321.9
2015-01-30,51983.88
2015-01-31,51645.86
2015-02-01,51307.84
2015-02-02,50969.82
2015-02-03,50631.8
2015-02-04,50293.78
2015-02-05,49955.76
2015-02-06,49617.74
2015-02-07,49279.72
2015-02-08,48941.7
2015-02-09,48603.68
2015-02-10,48265.66
2015-02-11,47927.64
2015-02-12,47589.62
2015-02-13,47251.6
2015-02-14,46913.58
2015-02-15,46575.56
2015-02-16,46237.54
2015-02-17,45899.52
2015-02-18,45561.5
2015-02-19,45223.48
2015-02-20,44885.46
2015-02-21,44885.46
2015-02-22,45223.48
2015-02-23,45223.48
2015-02-24,44885.46
2015-02-25,44547.44
2015-02-26,44547.44
2015-02-27,44209.42
2015-02-28,43871.4
2015-03-01,43533.38
2015-03-02,43195.36
2015-03-03,43195.36
2015-03-04,42857.34
2015-03-05,42519.32
2015-03-06,42181.3
2015-03-07,41843.28
2015-03-08,41505.26
2015-03-09,41167.24
2015-03-10,41843.28
2015-03-11,41505.26
2015-03-12,41167.24
2015-03-13,41167.24
2015-03-14,40829.22
2015-03-15,40491.2
2015-03-16,40153.18
2015-03-17,39815.16
2015-03-18,39477.14
2015-03-19,38801.1
2015-03-20,38463.08
2015-03-21,37787.04
2015-03-22,41167.24
2015-03-23,41167.24
2015-03-24,41167.24
2015-03-25,40829.22
2015-03-26,40491.2
2015-03-27,40153.18
2015-03-28,39815.16
2015-03-29,39477.14
2015-03-30,39477.14
2015-03-31,40491.2
2015-04-01,40153.18
2015-04-02,39815.16
2015-04-03,39477.14
2015-04-04,39139.12
2015-04-05,38801.1
2015-04-06,38463.08
2015-04-07,38125.06
2015-04-08,37787.04
2015-04-09,37111.0
2015-04-10,37449.02
2015-04-11,37111.0
2015-04-12,36096.94
2015-04-13,37111.0
2015-04-14,37111.0
2015-04-15,36772.98
2015-04-16,36434.96
2015-04-17,35758.92
2015-04-18,35420.9
2015-04-19,35082.88
2015-04-20,34744.86
2015-04-21,34406.84
2015-04-22,34068.82
2015-04-23,34406.84
2015-04-24,33730.8
2015-04-25,33730.8
2015-04-26,33730.8
2015-04-27,33392.78
2015-04-28,33054.76
2015-04-29,32716.74
2015-04-30,32040.7
2015-05-01,31702.68
2015-05-02,31364.66
2015-05-03,31026.64
2015-05-04,30688.62
2015-05-05,28998.52
2015-05-06,28660.5
2015-05-07,28322.48
2015-05-08,27984.46
2015-05-09,27646.44
2015-05-10,27308.42
2015-05-11,26970.4
2015-05-12,26294.36
2015-05-13,25956.34
2015-05-14,25618.32
2015-05-15,25280.3
2015-05-16,24604.26
2015-05-17,23928.22
2015-05-18,23590.2
2015-05-19,23252.18
2015-05-20,22576.14
2015-05-21,22238.12
2015-05-22,21900.1
2015-05-23,21562.08
2015-05-24,20886.04
2015-05-25,20548.02
2015-05-26,20074.14
2015-05-27,19802.42
2015-05-28,19666.56
2015-05-29,19530.7
2015-05-30,19394.84
2015-05-31,19123.12
2015-06-01,18987.26
2015-06-02,18851.4
2015-06-03,18579.68
2015-06-04,18443.82
2015-06-05,18307.96
2015-06-06,18172.1
2015-06-07,18036.24
2015-06-08,17900.38
2015-06-09,17764.52
2015-06-10,17628.66
2015-06-11,17356.94
2015-06-12,17221.08
2015-06-13,17085.22
2015-06-14,16949.36
2015-06-15,16813.5
2015-06-16,16677.64
2015-06-17,16541.78
2015-06-18,16405.92
2015-06-19,16270.06
2015-06-20,16134.2
2015-06-21,15998.34
2015-06-22,15862.48
2015-06-23,15726.62
2015-06-24,15590.76
2015-06-25,15454.9
2015-06-26,15454.9
2015-06-27,15319.04
2015-06-28,15183.18
2015-06-29,15047.32
2015-06-30,14911.46
2015-07-01,14775.6
2015-07-02,14639.74
2015-07-03,14503.88
2015-07-04,14368.02
2015-07-05,14232.16
2015-07-06,14096.3
2015-07-07,13960.44
2015-07-08,13824.58
2015-07-09,13688.72
2015-07-10,13552.86
2015-07-11,13417.0
2015-07-12,13281.14
2015-07-13,13145.28
2015-07-14,13009.42
2015-07-15,12873.56
2015-07-16,12601.84
2015-07-17,12465.98
2015-07-18,12330.12
2015-07-19,12194.26
2015-07-20,12058.4
2015-07-21,11922.54
2015-07-22,11786.68
2015-07-23,11650.82
2015-07-24,11514.96
2015-07-25,11379.1
2015-07-26,11243.24
2015-07-27,11107.38
2015-07-28,10971.52
2015-07-29,10835.66
2015-07-30,10699.8
2015-07-31,10563.94
2015-08-01,10428.08
2015-08-02,10292.22
2015-08-03,10156.36
2015-08-04,10020.5
2015-08-05,9884.64
2015-08-06,9748.78
2015-08-07,9612.92
2015-08-08,9477.06
2015-08-09,9341.2
2015-08-10,9205.34
2015-08-11,9069.48
2015-08-12,8933.62
2015-08-13,8797.76
2015-08-14,8661.9
2015-08-15,8526.04
2015-08-16,8390.18
2015-08-17,8254.32
2015-08-18,8118.46
2015-08-19,7982.6
2015-08-20,7846.74
2015-08-21,7710.88
2015-08-22,7575.02
2015-08-23,7439.16
2015-08-24,7303.3
2015-08-25,7167.44
2015-08-26,7031.58
2015-08-27,6895.72
2015-08-28,6759.86
2015-08-29,6624.0
2015-08-30,6517.34
2015-08-31,6410.68
2015-09-01,6304.02
2015-09-02,6144.03
2015-09-03,5984.04
2015-09-04,5824.05
2015-09-05,5717.39
2015-09-06,5450.74
2015-09-07,5290.75
2015-09-08,5184.09
2015-09-09,5077.43
2015-09-10,4917.44
2015-09-11,4597.46
2015-09-12,4597.46
2015-09-13,4437.47
2015-09-14,4330.81
2015-09-15,4224.15
2015-09-16,4224.15
2015-09-17,4224.15
2015-09-18,4224.15
2015-09-19,4224.15
2015-09-20,4224.15
2015-09-21,4224.15
2015-09-22,4224.15
2015-09-23,4224.15
2015-09-24,4224.15
2015-09-25,4224.15
2015-09-26,4224.15
2015-09-27,4224.15
2015-09-28,4224.15
2015-09-29,4224.15
2015-09-30,4224.15
2015-10-01,4224.15
2015-10-02,4224.15
2015-10-03,4224.15
2015-10-04,4224.15
2015-10-05,4224.15
2015-10-06,4224.15
2015-10-07,4224.15
2015-10-08,4224.15
2015-10-09,4224.15
2015-10-10,4224.15
2015-10-11,4224.15
2015-10-12,4224.15
2015-10-13,4224.15
2015-10-14,4224.15
2015-10-15,4224.15
2015-10-16,4224.15
2015-10-17,4224.15
2015-10-18,4224.15
2015-10-19,4224.15
2015-10-20,4224.15
2015-10-21,4224.15
2015-10-22,4224.15
2015-10-23,4224.15
2015-10-24,4224.15
2015-10-25,4224.15
2015-10-26,4224.15
2015-10-27,4224.15
2015-10-28,4170.82
2015-10-29,4170.82
2015-10-30,4170.82
2015-10-31,4170.82
2015-11-01,4170.82
2015-11-02,4170.82
2015-11-03,4170.82
2015-11-04,4170.82
2015-11-05,4170.82
2015-11-06,4170.82
2015-11-07,4170.82
2015-11-08,4170.82
2015-11-09,4170.82
2015-11-10,4170.82
2015-11-11,4170.82
2015-11-12,4170.82
2015-11-13,4170.82
2015-11-14,4170.82
2015-11-15,4170.82
2015-11-16,4170.82
2015-11-17,4170.82
2015-11-18,4170.82
2015-11-19,4170.82
2015-11-20,4170.82
2015-11-21,4170.82
2015-11-22,4170.82
2015-11-23,4170.82
2015-11-24,4170.82
2015-11-25,4170.82
2015-11-26,4170.82
2015-11-27,4170.82
2015-11-28,4170.82
2015-11-29,4170.82
2015-11-30,4170.82
2015-12-01,4170.82
2015-12-02,4170.82
2015-12-03,4170.82
2015-12-04,4170.82
2015-12-05,4170.82
2015-12-06,4170.82
2015-12-07,4170.82
2015-12-08,4170.82
2015-12-09,4170.82
2015-12-10,4170.82
2015-12-11,4170.82
2015-12-12,4170.82
2015-12-13,4170.82
2015-12-14,4170.82
2015-12-15,4170.82
2015-12-16,4170.82
2015-12-17,4170.82
2015-12-18,4170.82
2015-12-19,4170.82
2015-12-20,4170.82
2015-12-21,4170.82
2015-12-22,4170.82
2015-12-23,4170.82
2015-12-24,4170.82
2015-12-25,4170.82
2015-12-26,4170.82
2015-12-27,4170.82
2015-12-28,4170.82
2015-12-29,4170.82
2015-12-30,4170.82
2015-12-31,4170.82
2016-01-01,4170.82
2016-01-02,4170.82
2016-01-03,4170.82
2016-01-04,4170.82
2016-01-05,4170.82
2016-01-06,4170.82
2016-01-07,4170.82
2016-01-08,4170.82
2016-01-09,4170.82
2016-01-10,4170.82
2016-01-11,4170.82
2016-01-12,4170.82
2016-01-13,4170.82
2016-01-14,4170.82
2016-01-15,4170.82
2016-01-16,4170.82
2016-01-17,4170.82
2016-01-18,4170.82
2016-01-19,4170.82
2016-01-20,4170.82
2016-01-21,4170.82
2016-01-22,4170.82
2016-01-23,4170.82
2016-01-24,4170.82
2016-01-25,4170.82
2016-01-26,4170.82
2016-01-27,4170.82
2016-01-28,4170.82
2016-01-29,4170.82
2016-01-30,4170.82
2016-01-31,4170.82
2016-02-01,4170.82
2016-02-02,4170.82
2016-02-03,4170.82
2016-02-04,4170.82
2016-02-05,4170.82
2016-02-06,4170.82
2016-02-07,4170.82
2016-02-08,4170.82
2016-02-09,4170.82
2016-02-10,4170.82
2016-02-11,4170.82
2016-02-12,4170.82
2016-02-13,4170.82
2016-02-14,4170.82
2016-02-15,4170.82
2016-02-16,4170.82
2016-02-17,4170.82
2016-02-18,4170.82
2016-02-19,4170.82
2016-02-20,4170.82
2016-02-21,4170.82
2016-02-22,4170.82
2016-02-23,4170.82
2016-02-24,4170.82
2016-02-25,4170.82
2016-02-26,4170.82
2016-02-27,4170.82
2016-02-28,4170.82
2016-02-29,4170.82
2016-03-01,4170.82
2016-03-02,4170.82
2016-03-03,4170.82
2016-03-04,4170.82
2016-03-05,4170.82
2016-03-06,4170.82
2016-03-07,4170.82
2016-03-08,4170.82
2016-03-09,4170.82
2016-03-10,4170.82
2016-03-11,4170.82
2016-03-12,4170.82
2016-03-13,4170.82
2016-03-14,4170.82
2016-03-15,4170.82
2016-03-16,4170.82
2016-03-17,4170.82
2016-03-18,4170.82
2016-03-19,4170.82
2016-03-20,4170.82
2016-03-21,4170.82
2016-03-22,4170.82
2016-03-23,4170.82
2016-03-24,4170.82
2016-03-25,4170.82
2016-03-26,4170.82
2016-03-27,4170.82
2016-03-28,4170.82
2016-03-29,4170.82
2016-03-30,4170.82
2016-03-31,4170.82
2016-04-01,4170.82
2016-04-02,4170.82
2016-04-03,4170.82
2016-04-04,4170.82
2016-04-05,4170.82
2016-04-06,4170.82
2016-04-07,4170.82
2016-04-08,4170.82
2016-04-09,4170.82
2016-04-10,4170.82
2016-04-11,4170.82
2016-04-12,4170.82
2016-04-13,4170.82
2016-04-14,4170.82
2016-04-15,4170.82
2016-04-16,4170.82
2016-04-17,4170.82
2016-04-18,4170.82
2016-04-19,4170.82
2016-04-20,4170.82
2016-04-21,4170.82
2016-04-22,4170.82
2016-04-23,4170.82
2016-04-24,4170.82
2016-04-25,4170.82
2016-04-26,4170.82
2016-04-27,4170.82
2016-04-28,4170.82
2016-04-29,4170.82
2016-04-30,4170.82
2016-05-01,4170.82
2016-05-02,4170.82
2016-05-03,4170.82
2016-05-04,4170.82
2016-05-05,4170.82
2016-05-06,4170.82
2016-05-07,4170.82
2016-05-08,4170.82
2016-05-09,4170.82
2016-05-10,4170.82
2016-05-11,4170.82
2016-05-12,4170.82
2016-05-13,4170.82
2016-05-14,4170.82
2016-05-15,4170.82
2016-05-16,4170.82
2016-05-17,4170.82
2016-05-18,4170.82
2016-05-19,4170.82
2016-05-20,4170.82
2016-05-21,4170.82
2016-05-22,4170.82
2016-05-23,4170.82
2016-05-24,4170.82
2016-05-25,4170.82
2016-05-26,4170.82
2016-05-27,4170.82
2016-05-28,4170.82
2016-05-29,4170.82
2016-05-30,4170.82
2016-05-31,4170.82
2016-06-01,4170.82
2016-06-02,4170.82
2016-06-03,4170.82
2016-06-04,4170.82
2016-06-05,4170.82
2016-06-06,4170.82
2016-06-07,4170.82
2016-06-08,4170.82
2016-06-09,4170.82
2016-06-10,4170.82
2016-06-11,4170.82
2016-06-12,4170.82
2016-06-13,4170.82
2016-06-14,4170.82
2016-06-15,4170.82
2016-06-16,4170.82
2016-06-17,4170.82
2016-06-18,4170.82
2016-06-19,4170.82
2016-06-20,4170.82
2016-06-21,4170.82
2016-06-22,4170.82
2016-06-23,4170.82
2016-06-24,4170.82
2016-06-25,4170.82
2016-06-26,4170.82
2016-06-27,4170.82
2016-06-28,4170.82
2016-06-29,4170.82
2016-06-30,4170.82
2016-07-01,4170.82
2016-07-02,4170.82
2016-07-03,4170.82
2016-07-04,4170.82
2016-07-05,4170.82
2016-07-06,4170.82
2016-07-07,4170.82
2016-07-08,4170.82
2016-07-09,4170.82
2016-07-10,4170.82
2016-07-11,4170.82
2016-07-12,4170.82
2016-07-13,4170.82
2016-07-14,4170.82
2016-07-15,4170.82
2016-07-16,4170.82
2016-07-17,4170.82
2016-07-18,4170.82
2016-07-19,4170.82
2016-07-20,4170.82
2016-07-21,4170.82
2016-07-22,4170.82
2016-07-23,4170.82
2016-07-24,4170.82
2016-07-25,4170.82
2016-07-26,4170.82
2016-07-27,4170.82
2016-07-28,4170.82
2016-07-29,4170.82
2016-07-30,4170.82
2016-07-31,4170.82
2016-08-01,4170.82
2016-08-02,4170.82
2016-08-03,4170.82
2016-08-04,4170.82
2016-08-05,4170.82
2016-08-06,4170.82
2016-08-07,4170.82
2016-08-08,4170.82
2016-08-09,4170.82
2016-08-10,4170.82
2016-08-11,4170.82
2016-08-12,4170.82
2016-08-13,4170.82
2016-08-14,4170.82
2016-08-15,4170.82
2016-08-16,4170.82
2016-08-17,4170.82
2016-08-18,4170.82
2016-08-19,4170.82
2016-08-20,4170.82
2016-08-21,4170.82
2016-08-22,4170.82
2016-08-23,4170.82
2016-08-24,4170.82
2016-08-25,4170.82
2016-08-26,4170.82
2016-08-27,4170.82
2016-08-28,4170.82
2016-08-29,4170.82
2016-08-30,4170.82
2016-08-31,4170.82
2016-09-01,4170.82
2016-09-02,4170.82
2016-09-03,4170.82
2016-09-04,4170.82
2016-09-05,4170.82
2016-09-06,4170.82
2016-09-07,4170.82
2016-09-08,4170.82
2016-09-09,4170.82
2016-09-10,4170.82
2016-09-11,4170.82
2016-09-12,4170.82
2016-09-13,4170.82
2016-09-14,4170.82
2016-09-15,4170.82
2016-09-16,4170.82
2016-09-17,4170.82
2016-09-18,4170.82
2016-09-19,4170.82
2016-09-20,4170.82
2016-09-21,4170.82
2016-09-22,4170.82
2016-09-23,4170.82
2016-09-24,4170.82
2016-09-25,4170.82
2016-09-26,4170.82
2016-09-27,4170.82
2016-09-28,4170.82
2016-09-29,4170.82
2016-09-30,4170.82
2016-10-01,4170.82
2016-10-02,4170.82
2016-10-03,4170.82
2016-10-04,4170.82
2016-10-05,4170.82
2016-10-06,4170.82
2016-10-07,4170.82
2016-10-08,4170.82
2016-10-09,4170.82
2016-10-10,4170.82
2016-10-11,4170.82
2016-10-12,4170.82
2016-10-13,4170.82
2016-10-14,4170.82
2016-10-15,4170.82
2016-10-16,4170.82
2016-10-17,4170.82
2016-10-18,4170.82
2016-10-19,4170.82
2016-10-20,4170.82
2016-10-21,4170.82
2016-10-22,4170.82
2016-10-23,4170.82
2016-10-24,4170.82
2016-10-25,4170.82
2016-10-26,4170.82
2016-10-27,4170.82
2016-10-28,4170.82
2016-10-29,4170.82
2016-10-30,4170.82
2016-10-31,4170.82
2016-11-01,4170.82
2016-11-02,4170.82
2016-11-03,4170.82
2016-11-04,4170.82
2016-11-05,4170.82
2016-11-06,4170.82
2016-11-07,4170.82
2016-11-08,4170.82
2016-11-09,4170.82
2016-11-10,4170.82
2016-11-11,4170.82
2016-11-12,4170.82
2016-11-13,4170.82
2016-11-14,4170.82
2016-11-15,4170.82
2016-11-16,4170.82
2016-11-17,4170.82
2016-11-18,4170.82
2016-11-19,4170.82
2016-11-20,4170.82
2016-11-21,4170.82
2016-11-22,4170.82
2016-11-23,4170.82
2016-11-24,4170.82
2016-11-25,4170.82
2016-11-26,4170.82
2016-11-27,4170.82
2016-11-28,4170.82
2016-11-29,4170.82
2016-11-30,4170.82
2016-12-01,4170.82
2016-12-02,4170.82
2016-12-03,4170.82
2016-12-04,4170.82
2016-12-05,4170.82
2016-12-06,4170.82
2016-12-07,4170.82
2016-12-08,4170.82
2016-12-09,4170.82
2016-12-10,4170.82
2016-12-11,4170.82
2016-12-12,4170.82
2016-12-13,4170.82
2016-12-14,4170.82
2016-12-15,4170.82
2016-12-16,4170.82
2016-12-17,4170.82
2016-12-18,4170.82
2016-12-19,4170.82
2016-12-20,4170.82
2016-12-21,4170.82
2016-12-22,4170.82
2016-12-23,4170.82
2016-12-24,4170.82
2016-12-25,4170.82
2016-12-26,4170.82
2016-12-27,4170.82
2016-12-28,4170.82
2016-12-29,4170.82
2016-12-30,4170.82
2016-12-31,4170.82
2017-01-01,4170.82
2017-01-02,4170.82
2017-01-03,4170.82
2017-01-04,4170.82
2017-01-05,4170.82
2017-01-06,4170.82
2017-01-07,4170.82
2017-01-08,4170.82
2017-01-09,4170.82
2017-01-10,4170.82
2017-01-11,4170.82
2017-01-12,4170.82
2017-01-13,4170.82
2017-01-14,4170.82
2017-01-15,4170.82
2017-01-16,4170.82
2017-01-17,4170.82
2017-01-18,4170.82
2017-01-19,4170.82
2017-01-20,4170.82
2017-01-21,4170.82
2017-01-22,4170.82
2017-01-23,4170.82
2017-01-24,4170.82
2017-01-25,4170.82
2017-01-26,4170.82
2017-01-27,4170.82
2017-01-28,4170.82
2017-01-29,4170.82
2017-01-30,4170.82
2017-01-31,4170.82
2017-02-01,4170.82
2017-02-02,4170.82
2017-02-03,4170.82
2017-02-04,4170.82
2017-02-05,4170.82
2017-02-06,4170.82
2017-02-07,4170.82
2017-02-08,4170.82
2017-02-09,4170.82
2017-02-10,4170.82
2017-02-11,4170.82
2017-02-12,4170.82
2017-02-13,4170.82
2017-02-14,4170.82
2017-02-15,4170.82
2017-02-16,4170.82
2017-02-17,4170.82
2017-02-18,4170.82
2017-02-19,4170.82
2017-02-20,4170.82
2017-02-21,4170.82
2017-02-22,4170.82
2017-02-23,4170.82
2017-02-24,4170.82
2017-02-25,4170.82
2017-02-26,4170.82
2017-02-27,4170.82
2017-02-28,4170.82
2017-03-01,4170.82
2017-03-02,4170.82
2017-03-03,641138.9
2017-03-04,1379293.3
2017-03-05,1379293.3
2017-03-06,1379293.3
2017-03-07,1781512.0
2017-03-08,1767565.0
2017-03-09,1753618.0
2017-03-10,1711777.0
2017-03-11,3548031.04
2017-03-12,4768204.24
2017-03-13,5770982.53
2017-03-14,8450538.75
2017-03-15,11655224.88
2017-03-16,14166823.92
2017-03-17,15465193.3
2017-03-18,16032881.4
2017-03-19,16438372.9
2017-03-20,16478922.05
2017-03-21,16560020.35
2017-03-22,16600569.5
2017-03-23,16803315.25
2017-03-24,19317638.718
2017-03-25,20783063.62
2017-03-26,21214070.944
2017-03-27,21472675.338
2017-03-28,21601977.535
2017-03-29,21688179.0
2017-03-30,21794182.172
2017-03-31,21847183.759
2017-04-01,21900185.345
2017-04-02,21900185.345
2017-04-03,21953186.931
2017-04-04,21953186.931
2017-04-05,21900185.345
2017-04-06,21900185.345
2017-04-07,21847183.759
2017-04-08,21847183.759
2017-04-09,21900185.345
2017-04-10,21900185.345
2017-04-11,22059190.103
2017-04-12,22165193.276
2017-04-13,22165193.276
2017-04-14,22271196.448
2017-04-15,22960217.069
2017-04-16,23066220.241
2017-04-17,23066220.241
2017-04-18,23066220.241
2017-04-19,23066220.241
2017-04-20,23013218.655
2017-04-21,23013218.655
2017-04-22,22960217.069
2017-04-23,22960217.069
2017-04-24,22960217.069
2017-04-25,22960217.069
2017-04-26,22960217.069
2017-04-27,22907215.483
2017-04-28,22907215.483
2017-04-29,22907215.483
2017-04-30,22854213.897
2017-05-01,22854213.897
2017-05-02,22854213.897
2017-05-03,22801212.31
2017-05-04,22854213.897
2017-05-05,22854213.897
2017-05-06,22854213.897
2017-05-07,22854213.897
2017-05-08,22854213.897
2017-05-09,22854213.897
2017-05-10,22854213.897
2017-05-11,22801212.31
2017-05-12,22801212.31
2017-05-13,22801212.31
2017-05-14,22748210.724
2017-05-15,22695209.138
2017-05-16,22695209.138
2017-05-17,22695209.138
2017-05-18,22642207.552
2017-05-19,22642207.552
2017-05-20,22589205.966
2017-05-21,22536204.379
2017-05-22,22483202.793
2017-05-23,22483202.793
2017-05-24,22430201.207
2017-05-25,22377199.621
2017-05-26,22430201.207
2017-05-27,22377199.621
2017-05-28,22377199.621
2017-05-29,22589205.966
2017-05-30,22748210.724
2017-05-31,22748210.724
2017-06-01,22748210.724
2017-06-02,22695209.138
2017-06-03,22695209.138
2017-06-04,22695209.138
2017-06-05,22642207.552
2017-06-06,22589205.966
2017-06-07,22589205.966
2017-06-08,22536204.379
2017-06-09,22483202.793
2017-06-10,22483202.793
2017-06-11,22430201.207
2017-06-12,22430201.207
2017-06-13,22377199.621
2017-06-14,22377199.621
2017-06-15,22324198.034
2017-06-16,22271196.448
2017-06-17,22271196.448
2017-06-18,22218194.862
2017-06-19,22218194.862
2017-06-20,22165193.276
2017-06-21,22165193.276
2017-06-22,22112191.69
2017-06-23,22059190.103
2017-06-24,22059190.103
2017-06-25,22059190.103
2017-06-26,22006188.517
2017-06-27,21953186.931
2017-06-28,21953186.931
2017-06-29,21900185.345
2017-06-30,21847183.759
2017-07-01,21847183.759
2017-07-02,22006188.517
2017-07-03,22006188.517
2017-07-04,21953186.931
2017-07-05,21900185.345
2017-07-06,21900185.345
2017-07-07,21847183.759
2017-07-08,21794182.172
2017-07-09,21794182.172
2017-07-10,21741180.586
2017-07-11,21688179.0
2017-07-12,21688179.0
2017-07-13,21645078.268
2017-07-14,21601977.535
2017-07-15,21601977.535
2017-07-16,21558876.803
2017-07-17,21515776.07
2017-07-18,21472675.338
2017-07-19,21472675.338
2017-07-20,21429574.606
2017-07-21,21429574.606
2017-07-22,21429574.606
2017-07-23,21429574.606
2017-07-24,21472675.338
2017-07-25,21429574.606
2017-07-26,21386473.873
2017-07-27,21386473.873
2017-07-28,21343373.141
2017-07-29,21343373.141
2017-07-30,21300272.408
2017-07-31,21257171.676
2017-08-01,21257171.676
2017-08-02,21214070.944
2017-08-03,21170970.211
2017-08-04,21170970.211
2017-08-05,21127869.479
2017-08-06,21127869.479
2017-08-07,21084768.746
2017-08-08,21041668.014
2017-08-09,20998567.282
2017-08-10,20998567.282
2017-08-11,20955466.549
2017-08-12,20912365.817
2017-08-13,20869265.085
2017-08-14,20826164.352
2017-08-15,20826164.352
2017-08-16,20783063.62
2017-08-17,20739962.887
2017-08-18,20739962.887
2017-08-19,20739962.887
2017-08-20,20739962.887
2017-08-21,20696862.155
2017-08-22,20653761.423
2017-08-23,20610660.69
2017-08-24,20567559.958
2017-08-25,20524459.225
2017-08-26,20696862.155
2017-08-27,20610660.69
2017-08-28,20610660.69
2017-08-29,20610660.69
2017-08-30,20567559.958
2017-08-31,20524459.225
2017-09-01,20481358.493
2017-09-02,20481358.493
2017-09-03,20438257.761
2017-09-04,20395157.028
2017-09-05,20352056.296
2017-09-06,20308955.563
2017-09-07,20308955.563
2017-09-08,20265854.831
2017-09-09,20222754.099
2017-09-10,20179653.366
2017-09-11,20136552.634
2017-09-12,20093451.901
2017-09-13,20050351.169
2017-09-14,20050351.169
2017-09-15,20007250.437
2017-09-16,19964149.704
2017-09-17,19921048.972
2017-09-18,19877948.239
2017-09-19,19834847.507
2017-09-20,19834847.507
2017-09-21,19791746.775
2017-09-22,19705545.31
2017-09-23,19705545.31
2017-09-24,19662444.577
2017-09-25,19619343.845
2017-09-26,19619343.845
2017-09-27,19576243.113
2017-09-28,19533142.38
2017-09-29,19490041.648
2017-09-30,19446940.915
2017-10-01,19403840.183
2017-10-02,19360739.451
2017-10-03,19317638.718
2017-10-04,19274537.986
2017-10-05,19231437.254
2017-10-06,19231437.254
2017-10-07,19188336.521
2017-10-08,19188336.521
2017-10-09,19145235.789
2017-10-10,19102135.056
2017-10-11,19059034.324
2017-10-12,19059034.324
2017-10-13,19015933.592
2017-10-14,18972832.859
2017-10-15,18929732.127
2017-10-16,18886631.394
2017-10-17,18886631.394
2017-10-18,18843530.662
2017-10-19,18800429.93
2017-10-20,18757329.197
2017-10-21,18714228.465
2017-10-22,18714228.465
2017-10-23,18671127.732
2017-10-24,18587477.85
2017-10-25,18587477.85
2017-10-26,18546928.7
2017-10-27,18506379.55
2017-10-28,18465830.4
2017-10-29,18425281.25
2017-10-30,18425281.25
2017-10-31,18384732.1
2017-11-01,18344182.95
2017-11-02,18344182.95
2017-11-03,18303633.8
2017-11-04,18263084.65
2017-11-05,18222535.5
2017-11-06,18181986.35
2017-11-07,18141437.2
2017-11-08,18060338.9
2017-11-09,18060338.9
2017-11-10,18019789.75
2017-11-11,18019789.75
2017-11-12,17979240.6
2017-11-13,17979240.6
2017-11-14,17938691.45
2017-11-15,17857593.15
2017-11-16,17817044.0
2017-11-17,17817044.0
2017-11-18,17817044.0
2017-11-19,17776494.85
2017-11-20,17735945.7
2017-11-21,17695396.55
2017-11-22,17654847.4
2017-11-23,17614298.25
2017-11-24,17614298.25
2017-11-25,17573749.1
2017-11-26,17533199.95
2017-11-27,17492650.8
2017-11-28,17452101.65
2017-11-29,17411552.5
2017-11-30,17371003.35
2017-12-01,17371003.35
2017-12-02,17330454.2
2017-12-03,17330454.2
2017-12-04,17289905.05
2017-12-05,17249355.9
2017-12-06,17208806.75
2017-12-07,17168257.6
2017-12-08,17168257.6
2017-12-09,17127708.45
2017-12-10,17087159.3
2017-12-11,17087159.3
2017-12-12,17046610.15
2017-12-13,17006061.0
2017-12-14,16965511.85
2017-12-15,16924962.7
2017-12-16,16884413.55
2017-12-17,16843864.4
2017-12-18,16843864.4
2017-12-19,16803315.25
2017-12-20,16762766.1
2017-12-21,16722216.95
2017-12-22,16722216.95
2017-12-23,16681667.8
2017-12-24,16681667.8
2017-12-25,16641118.65
2017-12-26,16641118.65
2017-12-27,16641118.65
2017-12-28,16600569.5
2017-12-29,16600569.5
2017-12-30,16560020.35
2017-12-31,16519471.2
2018-01-01,16519471.2
2018-01-02,16478922.05
2018-01-03,16478922.05
2018-01-04,16438372.9
2018-01-05,16397823.75
2018-01-06,16357274.6
2018-01-07,16357274.6
2018-01-08,16316725.45
2018-01-09,16276176.3
2018-01-10,16276176.3
2018-01-11,16235627.15
2018-01-12,16195078.0
2018-01-13,16195078.0
2018-01-14,16154528.85
2018-01-15,16235627.15
2018-01-16,16195078.0
2018-01-17,16154528.85
2018-01-18,16113979.7
2018-01-19,16113979.7
2018-01-20,16073430.55
2018-01-21,16032881.4
2018-01-22,15992332.25
2018-01-23,15992332.25
2018-01-24,15951783.1
2018-01-25,15951783.1
2018-01-26,15911233.95
2018-01-27,15951783.1
2018-01-28,15951783.1
2018-01-29,15951783.1
2018-01-30,15951783.1
2018-01-31,15911233.95
2018-02-01,15870684.8
2018-02-02,15830135.65
2018-02-03,15789586.5
2018-02-04,15749037.35
2018-02-05,15749037.35
2018-02-06,15708488.2
2018-02-07,15708488.2
2018-02-08,15667939.05
2018-02-09,15627389.9
2018-02-10,15586840.75
2018-02-11,15546291.6
2018-02-12,15546291.6
2018-02-13,15505742.45
2018-02-14,15465193.3
2018-02-15,15424644.15
2018-02-16,15424644.15
2018-02-17,15384095.0
2018-02-18,15384095.0
2018-02-19,15343545.85
2018-02-20,15302996.7
2018-02-21,15302996.7
2018-02-22,15262447.55
2018-02-23,15221898.4
2018-02-24,15221898.4
2018-02-25,15181349.25
2018-02-26,15140800.1
2018-02-27,15140800.1
2018-02-28,15100250.95
2018-03-01,15059701.8
2018-03-02,15059701.8
2018-03-03,15059701.8
2018-03-04,15019152.65
2018-03-05,15019152.65
2018-03-06,14978603.5
2018-03-07,14938054.35
2018-03-08,14938054.35
2018-03-09,14897505.2
2018-03-10,14856956.05
2018-03-11,14856956.05
2018-03-12,14816406.9
2018-03-13,14775857.75
2018-03-14,14735308.6
2018-03-15,14735308.6
2018-03-16,14694759.45
2018-03-17,14694759.45
2018-03-18,14694759.45
2018-03-19,14694759.45
2018-03-20,14897505.2
2018-03-21,14897505.2
2018-03-22,14978603.5
2018-03-23,14978603.5
2018-03-24,14978603.5
2018-03-25,14938054.35
2018-03-26,14897505.2
2018-03-27,14856956.05
2018-03-28,14816406.9
2018-03-29,14816406.9
2018-03-30,14978603.5
2018-03-31,15140800.1
2018-04-01,15384095.0
2018-04-02,15708488.2
2018-04-03,16032881.4
2018-04-04,16073430.55
2018-04-05,16073430.55
2018-04-06,16073430.55
2018-04-07,16032881.4
2018-04-08,16195078.0
2018-04-09,16195078.0
2018-04-10,16195078.0
2018-04-11,16195078.0
2018-04-12,16722216.95
2018-04-13,17006061.0
2018-04-14,17289905.05
2018-04-15,17411552.5
2018-04-16,17492650.8
2018-04-17,17898142.3
2018-04-18,18587477.85
2018-04-19,18843530.662
2018-04-20,18929732.127
2018-04-21,18972832.859
2018-04-22,19274537.986
2018-04-23,19446940.915
2018-04-24,19834847.507
2018-04-25,19964149.704
2018-04-26,20007250.437
2018-04-27,20007250.437
2018-04-28,20007250.437
2018-04-29,20007250.437
2018-04-30,20007250.437
2018-05-01,20136552.634
2018-05-02,20222754.099
2018-05-03,20265854.831
2018-05-04,20308955.563
2018-05-05,20308955.563
2018-05-06,20308955.563
2018-05-07,20308955.563
2018-05-08,20308955.563
2018-05-09,20308955.563
2018-05-10,20308955.563
2018-05-11,20265854.831
2018-05-12,20308955.563
2018-05-13,20265854.831
2018-05-14,20265854.831
2018-05-15,20265854.831
2018-05-16,20265854.831
2018-05-17,20222754.099
2018-05-18,20222754.099
2018-05-19,20308955.563
2018-05-20,20308955.563
2018-05-21,20265854.831
2018-05-22,20265854.831
2018-05-23,20222754.099
2018-05-24,20222754.099
2018-05-25,20222754.099
2018-05-26,20179653.366
2018-05-27,20179653.366
2018-05-28,20136552.634
2018-05-29,20136552.634
2018-05-30,20093451.901
2018-05-31,20093451.901
2018-06-01,20050351.169
2018-06-02,20007250.437
2018-06-03,20007250.437
2018-06-04,19964149.704
2018-06-05,19964149.704
2018-06-06,19964149.704
2018-06-07,19964149.704
2018-06-08,19921048.972
2018-06-09,19921048.972
2018-06-10,19921048.972
2018-06-11,19877948.239
2018-06-12,19834847.507
2018-06-13,19791746.775
2018-06-14,19791746.775
2018-06-15,19748646.042
2018-06-16,19748646.042
2018-06-17,19705545.31
2018-06-18,19662444.577
2018-06-19,19662444.577
2018-06-20,19619343.845
2018-06-21,19533142.38
2018-06-22,19533142.38
2018-06-23,19533142.38
2018-06-24,19490041.648
2018-06-25,19490041.648
2018-06-26,19490041.648
2018-06-27,19446940.915
2018-06-28,19403840.183
2018-06-29,19403840.183
2018-06-30,19360739.451
2018-07-01,19317638.718
2018-07-02,19317638.718
2018-07-03,19274537.986
2018-07-04,19274537.986
2018-07-05,19231437.254
2018-07-06,19188336.521
2018-07-07,19188336.521
2018-07-08,19188336.521
2018-07-09,19188336.521
2018-07-10,19145235.789
2018-07-11,19145235.789
2018-07-12,19145235.789
2018-07-13,19102135.056
2018-07-14,19059034.324
2018-07-15,19015933.592
2018-07-16,19015933.592
2018-07-17,18972832.859
2018-07-18,18972832.859
2018-07-19,18972832.859
2018-07-20,18929732.127
2018-07-21,18929732.127
2018-07-22,18886631.394
2018-07-23,18843530.662
2018-07-24,18800429.93
2018-07-25,18757329.197
2018-07-26,18757329.197
2018-07-27,18714228.465
2018-07-28,18714228.465
2018-07-29,18714228.465
2018-07-30,18671127.732
2018-07-31,18587477.85
2018-08-01,18546928.7
2018-08-02,18506379.55
2018-08-03,18425281.25
2018-08-04,18384732.1
2018-08-05,18344182.95
2018-08-06,18303633.8
2018-08-07,18263084.65
2018-08-08,18222535.5
2018-08-09,18181986.35
2018-08-10,18181986.35
2018-08-11,18100888.05
2018-08-12,18060338.9
2018-08-13,18060338.9
2018-08-14,17979240.6
2018-08-15,17938691.45
2018-08-16,17898142.3
2018-08-17,17857593.15
2018-08-18,17817044.0
2018-08-19,17776494.85
2018-08-20,17735945.7
2018-08-21,17695396.55
2018-08-22,17654847.4
2018-08-23,17614298.25
2018-08-24,17573749.1
2018-08-25,17533199.95
2018-08-26,17492650.8
2018-08-27,17452101.65
2018-08-28,17411552.5
2018-08-29,17371003.35
2018-08-30,17330454.2
2018-08-31,17289905.05
2018-09-01,17249355.9
2018-09-02,17208806.75
2018-09-03,17168257.6
2018-09-04,17127708.45
2018-09-05,17087159.3
2018-09-06,17046610.15
2018-09-07,17046610.15
2018-09-08,17046610.15
2018-09-09,17046610.15
2018-09-10,17046610.15
2018-09-11,17046610.15
2018-09-12,17006061.0
2018-09-13,17006061.0
2018-09-14,17006061.0
2018-09-15,17006061.0
2018-09-16,17006061.0
2018-09-17,17006061.0
2018-09-18,17006061.0
2018-09-19,17006061.0
2018-09-20,16965511.85
2018-09-21,16965511.85
2018-09-22,16924962.7
2018-09-23,16884413.55
2018-09-24,16884413.55
2018-09-25,16843864.4
2018-09-26,16843864.4
2018-09-27,16762766.1
2018-09-28,16722216.95
2018-09-29,16722216.95
2018-09-30,16681667.8
2018-10-01,16641118.65
2018-10-02,16600569.5
2018-10-03,16560020.35
2018-10-04,16519471.2
2018-10-05,16478922.05
2018-10-06,16438372.9
2018-10-07,16397823.75
2018-10-08,16397823.75
2018-10-09,16357274.6
2018-10-10,16316725.45
2018-10-11,16276176.3
2018-10-12,16235627.15
2018-10-13,16195078.0
2018-10-14,16154528.85
2018-10-15,16113979.7
2018-10-16,16113979.7
2018-10-17,16113979.7
2018-10-18,16073430.55
2018-10-19,16073430.55
2018-10-20,16032881.4
2018-10-21,15992332.25
2018-10-22,15951783.1
2018-10-23,15951783.1
2018-10-24,15911233.95
2018-10-25,15870684.8
2018-10-26,15830135.65
2018-10-27,15789586.5
2018-10-28,15749037.35
2018-10-29,15708488.2
2018-10-30,15667939.05
2018-10-31,15667939.05
2018-11-01,15627389.9
2018-11-02,15586840.75
2018-11-03,15546291.6
2018-11-04,15546291.6
2018-11-05,15505742.45
2018-11-06,15465193.3
2018-11-07,15465193.3
2018-11-08,15424644.15
2018-11-09,15384095.0
2018-11-10,15343545.85
2018-11-11,15302996.7
2018-11-12,15262447.55
2018-11-13,15262447.55
2018-11-14,15221898.4
2018-11-15,15181349.25
2018-11-16,15140800.1
2018-11-17,15100250.95
2018-11-18,15059701.8
2018-11-19,15019152.65
2018-11-20,15019152.65
2018-11-21,14978603.5
2018-11-22,14978603.5
2018-11-23,14938054.35
2018-11-24,14897505.2
2018-11-25,14856956.05
2018-11-26,14816406.9
2018-11-27,14775857.75
2018-11-28,14775857.75
2018-11-29,14735308.6
2018-11-30,14694759.45
2018-12-01,14654210.3
2018-12-02,14654210.3
2018-12-03,14613661.15
2018-12-04,14613661.15
2018-12-05,14613661.15
2018-12-06,14613661.15
2018-12-07,14613661.15
2018-12-08,14536176.72
2018-12-09,14499241.44
2018-12-10,14499241.44
2018-12-11,14499241.44
2018-12-12,14462306.16
2018-12-13,14462306.16
2018-12-14,14462306.16
2018-12-15,14499241.44
2018-12-16,14499241.44
2018-12-17,14462306.16
2018-12-18,14462306.16
2018-12-19,14462306.16
2018-12-20,14425370.88
2018-12-21,14388435.6
2018-12-22,14388435.6
2018-12-23,14351500.32
2018-12-24,14351500.32
2018-12-25,14351500.32
2018-12-26,14314565.04
2018-12-27,14314565.04
2018-12-28,14277629.76
2018-12-29,14240694.48
2018-12-30,14203759.2
2018-12-31,14203759.2
2019-01-01,14166823.92
2019-01-02,14129888.64
2019-01-03,14092953.36
2019-01-04,14019082.8
2019-01-05,13982147.52
2019-01-06,13945212.24
2019-01-07,13908276.96
2019-01-08,13871341.68
2019-01-09,13834406.4
2019-01-10,13834406.4
2019-01-11,13834406.4
2019-01-12,13834406.4
2019-01-13,13797471.12
2019-01-14,13797471.12
2019-01-15,13834406.4
2019-01-16,13982147.52
2019-01-17,13945212.24
2019-01-18,13982147.52
2019-01-19,13982147.52
2019-01-20,13945212.24
2019-01-21,13908276.96
2019-01-22,13908276.96
2019-01-23,13871341.68
2019-01-24,13834406.4
2019-01-25,13797471.12
2019-01-26,13797471.12
2019-01-27,13760535.84
2019-01-28,13760535.84
2019-01-29,13723600.56
2019-01-30,13686665.28
2019-01-31,13686665.28
2019-02-01,13649730.0
2019-02-02,13649730.0
2019-02-03,13612794.72
2019-02-04,13575859.44
2019-02-05,13575859.44
2019-02-06,13538924.16
2019-02-07,13612794.72
2019-02-08,13612794.72
2019-02-09,13575859.44
2019-02-10,13538924.16
2019-02-11,13501988.88
2019-02-12,13465053.6
2019-02-13,13465053.6
2019-02-14,13538924.16
2019-02-15,13501988.88
2019-02-16,13501988.88
2019-02-17,13501988.88
2019-02-18,13501988.88
2019-02-19,13465053.6
2019-02-20,13465053.6
2019-02-21,13612794.72
2019-02-22,13612794.72
2019-02-23,13612794.72
2019-02-24,13649730.0
2019-02-25,13612794.72
2019-02-26,13612794.72
2019-02-27,13612794.72
2019-02-28,13575859.44
2019-03-01,13538924.16
2019-03-02,13501988.88
2019-03-03,13575859.44
2019-03-04,13612794.72
2019-03-05,13575859.44
2019-03-06,13538924.16
2019-03-07,13538924.16
2019-03-08,13538924.16
2019-03-09,13501988.88
2019-03-10,13538924.16
2019-03-11,13538924.16
2019-03-12,13501988.88
2019-03-13,13465053.6
2019-03-14,13465053.6
2019-03-15,13501988.88
2019-03-16,13501988.88
2019-03-17,13501988.88
2019-03-18,13465053.6
2019-03-19,13465053.6
2019-03-20,13465053.6
2019-03-21,13428118.32
2019-03-22,13465053.6
2019-03-23,13465053.6
2019-03-24,13834406.4
2019-03-25,13834406.4
2019-03-26,13797471.12
2019-03-27,13797471.12
2019-03-28,13797471.12
2019-03-29,13760535.84
2019-03-30,13760535.84
2019-03-31,13797471.12
2019-04-01,13797471.12
2019-04-02,13834406.4
2019-04-03,13834406.4
2019-04-04,13834406.4
2019-04-05,13834406.4
2019-04-06,13797471.12
2019-04-07,13834406.4
2019-04-08,13797471.12
2019-04-09,13760535.84
2019-04-10,13760535.84
2019-04-11,13723600.56
2019-04-12,13760535.84
2019-04-13,13760535.84
2019-04-14,13760535.84
2019-04-15,13723600.56
2019-04-16,13760535.84
2019-04-17,13760535.84
2019-04-18,13723600.56
2019-04-19,13723600.56
2019-04-20,13723600.56
2019-04-21,13760535.84
2019-04-22,13760535.84
2019-04-23,13723600.56
2019-04-24,13723600.56
2019-04-25,13686665.28
2019-04-26,13723600.56
2019-04-27,13686665.28
2019-04-28,13686665.28
2019-04-29,13686665.28
2019-04-30,13723600.56
2019-05-01,13723600.56
2019-05-02,13686665.28
2019-05-03,13723600.56
2019-05-04,13686665.28
2019-05-05,13649730.0
2019-05-06,13612794.72
2019-05-07,13612794.72
2019-05-08,13612794.72
2019-05-09,13575859.44
2019-05-10,13575859.44
2019-05-11,13538924.16
2019-05-12,13501988.88
2019-05-13,13501988.88
2019-05-14,13465053.6
2019-05-15,13501988.88
2019-05-16,13612794.72
2019-05-17,13612794.72
2019-05-18,13612794.72
2019-05-19,13575859.44
2019-05-20,13575859.44
2019-05-21,13538924.16
2019-05-22,13575859.44
2019-05-23,13538924.16
2019-05-24,13538924.16
2019-05-25,13501988.88
2019-05-26,13465053.6
2019-05-27,13465053.6
2019-05-28,13465053.6
2019-05-29,13428118.32
2019-05-30,13391183.04
2019-05-31,13428118.32
2019-06-01,13391183.04
2019-06-02,13391183.04
2019-06-03,13354247.76
2019-06-04,13354247.76
2019-06-05,13317312.48
2019-06-06,13280377.2
2019-06-07,13280377.2
2019-06-08,13243441.92
2019-06-09,13243441.92
2019-06-10,13206506.64
2019-06-11,13169571.36
2019-06-12,13132636.08
2019-06-13,13132636.08
2019-06-14,13280377.2
2019-06-15,13243441.92
2019-06-16,13243441.92
2019-06-17,13206506.64
2019-06-18,13169571.36
2019-06-19,13169571.36
2019-06-20,13169571.36
2019-06-21,13132636.08
2019-06-22,13132636.08
2019-06-23,13095700.8
2019-06-24,13058765.52
2019-06-25,13021830.24
2019-06-26,13021830.24
2019-06-27,12984894.96
2019-06-28,12984894.96
2019-06-29,12947959.68
2019-06-30,12911024.4
2019-07-01,12874089.12
2019-07-02,12837153.84
2019-07-03,12837153.84
2019-07-04,12800218.56
2019-07-05,12800218.56
2019-07-06,12763283.28
2019-07-07,12726348.0
2019-07-08,12726348.0
2019-07-09,12689412.72
2019-07-10,12652477.44
2019-07-11,12652477.44
2019-07-12,12615542.16
2019-07-13,12615542.16
2019-07-14,12578606.88
2019-07-15,12541671.6
2019-07-16,12541671.6
2019-07-17,12504736.32
2019-07-18,12504736.32
2019-07-19,12467801.04
2019-07-20,12430865.76
2019-07-21,12356995.2
2019-07-22,12393930.48
2019-07-23,12393930.48
2019-07-24,12393930.48
2019-07-25,12356995.2
2019-07-26,12356995.2
2019-07-27,12356995.2
2019-07-28,12320059.92
2019-07-29,12283124.64
2019-07-30,12283124.64
2019-07-31,12246189.36
2019-08-01,12246189.36
2019-08-02,12209254.08
2019-08-03,12209254.08
2019-08-04,12172318.8
2019-08-05,12172318.8
2019-08-06,12098448.24
2019-08-07,12061512.96
2019-08-08,12024577.68
2019-08-09,11987642.4
2019-08-10,11987642.4
2019-08-11,11950707.12
2019-08-12,11950707.12
2019-08-13,11913771.84
2019-08-14,11876836.56
2019-08-15,11839901.28
2019-08-16,11802966.0
2019-08-17,11766030.72
2019-08-18,11729095.44
2019-08-19,11729095.44
2019-08-20,11692160.16
2019-08-21,11655224.88
2019-08-22,11655224.88
2019-08-23,11618289.6
2019-08-24,11581354.32
2019-08-25,11544419.04
2019-08-26,11544419.04
2019-08-27,11507483.76
2019-08-28,11470548.48
2019-08-29,11433613.2
2019-08-30,11396677.92
2019-08-31,11359742.64
2019-09-01,11322807.36
2019-09-02,11322807.36
2019-09-03,11285872.08
2019-09-04,11248936.8
2019-09-05,11212001.52
2019-09-06,11175066.24
2019-09-07,11138130.96
2019-09-08,11101195.68
2019-09-09,11064260.4
2019-09-10,11064260.4
2019-09-11,11027325.12
2019-09-12,10990389.84
2019-09-13,10953454.56
2019-09-14,10916519.28
2019-09-15,10916519.28
2019-09-16,10847196.73
2019-09-17,10814809.46
2019-09-18,10782422.19
2019-09-19,10750034.92
2019-09-20,10717647.65
2019-09-21,10685260.38
2019-09-22,10652873.11
2019-09-23,10620485.84
2019-09-24,10588098.57
2019-09-25,10555711.3
2019-09-26,10523324.03
2019-09-27,10490936.76
2019-09-28,10458549.49
2019-09-29,10426162.22
2019-09-30,10393774.95
2019-10-01,10361387.68
2019-10-02,10329000.41
2019-10-03,10296613.14
2019-10-04,10264225.87
2019-10-05,10231838.6
2019-10-06,10199451.33
2019-10-07,10167064.06
2019-10-08,10134676.79
2019-10-09,10134676.79
2019-10-10,10005127.71
2019-10-11,9940353.17
2019-10-12,9907965.9
2019-10-13,9875578.63
2019-10-14,9843191.36
2019-10-15,9810804.09
2019-10-16,9778416.82
2019-10-17,9746029.55
2019-10-18,9681255.01
2019-10-19,9681255.01
2019-10-20,9681255.01
2019-10-21,9681255.01
2019-10-22,9681255.01
2019-10-23,9681255.01
2019-10-24,9681255.01
2019-10-25,9648867.74
2019-10-26,9648867.74
2019-10-27,9616480.47
2019-10-28,9616480.47
2019-10-29,9584093.2
2019-10-30,9584093.2
2019-10-31,9551705.93
2019-11-01,9519318.66
2019-11-02,9486931.39
2019-11-03,9454544.12
2019-11-04,9389769.58
2019-11-05,9389769.58
2019-11-06,9357382.31
2019-11-07,9324995.04
2019-11-08,9292607.77
2019-11-09,9227833.23
2019-11-10,9195445.96
2019-11-11,9195445.96
2019-11-12,9130671.42
2019-11-13,9098284.15
2019-11-14,9065896.88
2019-11-15,9033509.61
2019-11-16,9001122.34
2019-11-17,8968735.07
2019-11-18,8936347.8
2019-11-19,8936347.8
2019-11-20,8903960.53
2019-11-21,8871573.26
2019-11-22,8839185.99
2019-11-23,8806798.72
2019-11-24,8774411.45
2019-11-25,8742024.18
2019-11-26,8709636.91
2019-11-27,8677249.64
2019-11-28,8677249.64
2019-11-29,8644862.37
2019-11-30,8612475.1
2019-12-01,8580087.83
2019-12-02,8547700.56
2019-12-03,8515313.29
2019-12-04,8515313.29
2019-12-05,8482926.02
2019-12-06,8450538.75
2019-12-07,8418151.48
2019-12-08,8385764.21
2019-12-09,8353376.94
2019-12-10,8320989.67
2019-12-11,8288602.4
2019-12-12,8256215.13
2019-12-13,8223827.86
2019-12-14,8223827.86
2019-12-15,8191440.59
2019-12-16,8159053.32
2019-12-17,8126666.05
2019-12-18,8094278.78
2019-12-19,8094278.78
2019-12-20,8061891.51
2019-12-21,8029504.24
2019-12-22,7997116.97
2019-12-23,7964729.7
2019-12-24,7932342.43
2019-12-25,7899955.16
2019-12-26,7867567.89
2019-12-27,7835180.62
2019-12-28,7802793.35
2019-12-29,7770406.08
2019-12-30,7738018.81
2019-12-31,7738018.81
2020-01-01,7738018.81
2020-01-02,7673244.27
2020-01-03,7673244.27
2020-01-04,7613757.37
2020-01-05,7613757.37
2020-01-06,7586657.74
2020-01-07,7586657.74
2020-01-08,7586657.74
2020-01-09,7705631.54
2020-01-10,7673244.27
2020-01-11,7673244.27
2020-01-12,7673244.27
2020-01-13,7613757.37
2020-01-14,7613757.37
2020-01-15,7586657.74
2020-01-16,7559558.11
2020-01-17,7532458.48
2020-01-18,7532458.48
2020-01-19,7505358.85
2020-01-20,7478259.22
2020-01-21,7451159.59
2020-01-22,7451159.59
2020-01-23,7451159.59
2020-01-24,7424059.96
2020-01-25,7396960.33
2020-01-26,7396960.33
2020-01-27,7369860.7
2020-01-28,7424059.96
2020-01-29,7396960.33
2020-01-30,7369860.7
2020-01-31,7369860.7
2020-02-01,7369860.7
2020-02-02,7342761.07
2020-02-03,7315661.44
2020-02-04,7315661.44
2020-02-05,7315661.44
2020-02-06,7315661.44
2020-02-07,7288561.81
2020-02-08,7261462.18
2020-02-09,7261462.18
2020-02-10,7261462.18
2020-02-11,7234362.55
2020-02-12,7207262.92
2020-02-13,7180163.29
2020-02-14,7207262.92
2020-02-15,7180163.29
2020-02-16,7207262.92
2020-02-17,7207262.92
2020-02-18,7207262.92
2020-02-19,7261462.18
2020-02-20,7288561.81
2020-02-21,7261462.18
2020-02-22,7261462.18
2020-02-23,7261462.18
2020-02-24,7234362.55
2020-02-25,7234362.55
2020-02-26,7234362.55
2020-02-27,7207262.92
2020-02-28,7207262.92
2020-02-29,7180163.29
2020-03-01,7180163.29
2020-03-02,7207262.92
2020-03-03,7180163.29
2020-03-04,7180163.29
2020-03-05,7180163.29
2020-03-06,7180163.29
2020-03-07,7180163.29
2020-03-08,7234362.55
2020-03-09,7234362.55
2020-03-10,7180163.29
2020-03-11,7180163.29
2020-03-12,7153063.66
2020-03-13,7207262.92
2020-03-14,7234362.55
2020-03-15,7234362.55
2020-03-16,7261462.18
2020-03-17,7261462.18
2020-03-18,7261462.18
2020-03-19,7261462.18
2020-03-20,7261462.18
2020-03-21,7261462.18
2020-03-22,7234362.55
2020-03-23,7234362.55
2020-03-24,7207262.92
2020-03-25,7207262.92
2020-03-26,7153063.66
2020-03-27,7207262.92
2020-03-28,7207262.92
2020-03-29,7180163.29
2020-03-30,7153063.66
2020-03-31,7180163.29
2020-04-01,7153063.66
2020-04-02,7153063.66
2020-04-03,7153063.66
2020-04-04,7125964.03
2020-04-05,7125964.03
2020-04-06,7098864.4
2020-04-07,7098864.4
2020-04-08,7071764.77
2020-04-09,7044665.14
2020-04-10,7044665.14
2020-04-11,7017565.51
2020-04-12,7044665.14
2020-04-13,7044665.14
2020-04-14,7044665.14
2020-04-15,7017565.51
2020-04-16,7044665.14
2020-04-17,7071764.77
2020-04-18,7071764.77
2020-04-19,7044665.14
2020-04-20,7017565.51
2020-04-21,7044665.14
2020-04-22,7044665.14
2020-04-23,7044665.14
2020-04-24,7044665.14
2020-04-25,8742024.18
2020-04-26,9130671.42
2020-04-27,9260220.5
2020-04-28,9389769.58
2020-04-29,9486931.39
2020-04-30,9551705.93
2020-05-01,9584093.2
2020-05-02,9584093.2
2020-05-03,9584093.2
2020-05-04,9584093.2
2020-05-05,9584093.2
2020-05-06,9551705.93
2020-05-07,9551705.93
2020-05-08,9551705.93
2020-05-09,9519318.66
2020-05-10,9486931.39
2020-05-11,9454544.12
2020-05-12,9422156.85
2020-05-13,9422156.85
2020-05-14,9389769.58
2020-05-15,9389769.58
2020-05-16,9357382.31
2020-05-17,9389769.58
2020-05-18,9389769.58
2020-05-19,9389769.58
2020-05-20,9389769.58
2020-05-21,9389769.58
2020-05-22,9389769.58
2020-05-23,9389769.58
2020-05-24,9389769.58
2020-05-25,9389769.58
2020-05-26,9357382.31
2020-05-27,9357382.31
2020-05-28,9324995.04
2020-05-29,9389769.58
2020-05-30,9357382.31
2020-05-31,9357382.31
2020-06-01,9324995.04
2020-06-02,9324995.04
2020-06-03,9292607.77
2020-06-04,9292607.77
2020-06-05,9292607.77
2020-06-06,9260220.5
2020-06-07,9227833.23
2020-06-08,9195445.96
2020-06-09,9195445.96
2020-06-10,9163058.69
2020-06-11,9163058.69
2020-06-12,9130671.42
2020-06-13,9130671.42
2020-06-14,9098284.15
2020-06-15,9098284.15
2020-06-16,9065896.88
2020-06-17,9065896.88
2020-06-18,9065896.88
2020-06-19,9065896.88
2020-06-20,9033509.61
2020-06-21,9033509.61
2020-06-22,9001122.34
2020-06-23,9001122.34
2020-06-24,8968735.07
2020-06-25,8968735.07
2020-06-26,8936347.8
2020-06-27,8903960.53
2020-06-28,8871573.26
2020-06-29,8839185.99
2020-06-30,8839185.99
2020-07-01,8871573.26
2020-07-02,8871573.26
2020-07-03,8839185.99
2020-07-04,8839185.99
2020-07-05,8806798.72
2020-07-06,8806798.72
2020-07-07,8871573.26
2020-07-08,8839185.99
2020-07-09,8839185.99
2020-07-10,8806798.72
2020-07-11,8806798.72
2020-07-12,8806798.72
2020-07-13,8774411.45
2020-07-14,8742024.18
2020-07-15,8742024.18
2020-07-16,8709636.91
2020-07-17,8709636.91
2020-07-18,8677249.64
2020-07-19,8677249.64
2020-07-20,8677249.64
2020-07-21,8677249.64
2020-07-22,8644862.37
2020-07-23,8644862.37
2020-07-24,8644862.37
2020-07-25,8580087.83
2020-07-26,8580087.83
2020-07-27,8547700.56
2020-07-28,8515313.29
2020-07-29,8547700.56
2020-07-30,8482926.02
2020-07-31,8482926.02
2020-08-01,8450538.75
2020-08-02,8418151.48
2020-08-03,8418151.48
2020-08-04,8418151.48
2020-08-05,8385764.21
2020-08-06,8353376.94
2020-08-07,8320989.67
2020-08-08,8288602.4
2020-08-09,8256215.13
2020-08-10,8223827.86
2020-08-11,8223827.86
2020-08-12,8191440.59
2020-08-13,8159053.32
2020-08-14,8126666.05
2020-08-15,8094278.78
2020-08-16,8094278.78
2020-08-17,8061891.51
2020-08-18,8029504.24
2020-08-19,7997116.97
2020-08-20,7964729.7
2020-08-21,7932342.43
2020-08-22,7899955.16
2020-08-23,7867567.89
2020-08-24,7835180.62
2020-08-25,7835180.62
2020-08-26,7802793.35
2020-08-27,7770406.08
2020-08-28,7738018.81
2020-08-29,7705631.54
2020-08-30,7673244.27
2020-08-31,7613757.37
2020-09-01,7613757.37
2020-09-02,7586657.74
2020-09-03,7586657.74
2020-09-04,7559558.11
2020-09-05,7532458.48
2020-09-06,7532458.48
2020-09-07,7505358.85
2020-09-08,7478259.22
2020-09-09,7451159.59
2020-09-10,7451159.59
2020-09-11,7424059.96
2020-09-12,7424059.96
2020-09-13,7396960.33
2020-09-14,7369860.7
2020-09-15,7342761.07
2020-09-16,7315661.44
2020-09-17,7288561.81
2020-09-18,7261462.18
2020-09-19,7234362.55
2020-09-20,7207262.92
2020-09-21,7180163.29
2020-09-22,7125964.03
2020-09-23,7098864.4
2020-09-24,7071764.77
2020-09-25,7044665.14
2020-09-26,7017565.51
2020-09-27,6990465.88
2020-09-28,6963366.25
2020-09-29,6963366.25
2020-09-30,6936266.62
2020-10-01,6909166.99
2020-10-02,6882067.36
2020-10-03,6854967.73
2020-10-04,6827868.1
2020-10-05,6800768.47
2020-10-06,6773668.84
2020-10-07,6746569.21
2020-10-08,6746569.21
2020-10-09,6719469.58
2020-10-10,6692369.95
2020-10-11,6665270.32
2020-10-12,6638170.69
2020-10-13,6611071.06
2020-10-14,6583971.43
2020-10-15,6556871.8
2020-10-16,6529772.17
2020-10-17,6475572.91
2020-10-18,6448473.28
2020-10-19,6421373.65
2020-10-20,6421373.65
2020-10-21,6394274.02
2020-10-22,6367174.39
2020-10-23,6367174.39
2020-10-24,6340074.76
2020-10-25,6340074.76
2020-10-26,6312975.13
2020-10-27,6312975.13
2020-10-28,6285875.5
2020-10-29,6231676.24
2020-10-30,6177476.98
2020-10-31,6150377.35
2020-11-01,6150377.35
2020-11-02,6123277.72
2020-11-03,6123277.72
2020-11-04,6096178.09
2020-11-05,6096178.09
2020-11-06,6069078.46
2020-11-07,6069078.46
2020-11-08,6041978.83
2020-11-09,6014879.2
2020-11-10,5987779.57
2020-11-11,5987779.57
2020-11-12,5960679.94
2020-11-13,5960679.94
2020-11-14,5960679.94
2020-11-15,5960679.94
2020-11-16,5933580.31
2020-11-17,5933580.31
2020-11-18,5933580.31
2020-11-19,5906480.68
2020-11-20,5906480.68
2020-11-21,5906480.68
2020-11-22,5879381.05
2020-11-23,5879381.05
2020-11-24,5798082.16
2020-11-25,5770982.53
2020-11-26,5743882.9
2020-11-27,5716783.27
2020-11-28,5689683.64
2020-11-29,5662584.01
2020-11-30,5635484.38
2020-12-01,5635484.38
2020-12-02,5608384.75
2020-12-03,5581285.12
2020-12-04,5581285.12
2020-12-05,5554185.49
2020-12-06,5527085.86
2020-12-07,5499986.23
2020-12-08,5472886.6
2020-12-09,5445786.97
2020-12-10,5391587.71
2020-12-11,5391587.71
2020-12-12,5364488.08
2020-12-13,5337388.45
2020-12-14,5310288.82
2020-12-15,5283189.19
2020-12-16,5256089.56
2020-12-17,5256089.56
2020-12-18,5228989.93
2020-12-19,5228989.93
2020-12-20,5201890.3
2020-12-21,5201890.3
2020-12-22,5174790.67
2020-12-23,5147691.04
2020-12-24,5147691.04
2020-12-25,5120591.41
2020-12-26,5093491.78
2020-12-27,5093491.78
2020-12-28,5066392.15
2020-12-29,5039292.52
2020-12-30,5012192.89
2020-12-31,4985093.26
2021-01-01,4957993.63
2021-01-02,4957993.63
2021-01-03,4910557.78
2021-01-04,4890221.56
2021-01-05,4869885.34
2021-01-06,4808876.68
2021-01-07,4788540.46
2021-01-08,4768204.24
2021-01-09,4727531.8
2021-01-10,4727531.8
2021-01-11,4707195.58
2021-01-12,4686859.36
2021-01-13,4666523.14
2021-01-14,4646186.92
2021-01-15,4625850.7
2021-01-16,4605514.48
2021-01-17,4585178.26
2021-01-18,4564842.04
2021-01-19,4544505.82
2021-01-20,4524169.6
2021-01-21,4503833.38
2021-01-22,4503833.38
2021-01-23,4483497.16
2021-01-24,4463160.94
2021-01-25,4463160.94
2021-01-26,4463160.94
2021-01-27,4442824.72
2021-01-28,4442824.72
2021-01-29,4442824.72
2021-01-30,4442824.72
2021-01-31,4422488.5
2021-02-01,4402152.28
2021-02-02,4402152.28
2021-02-03,4381816.06
2021-02-04,4381816.06
2021-02-05,4361479.84
2021-02-06,4341143.62
2021-02-07,4320807.4
2021-02-08,4320807.4
2021-02-09,4320807.4
2021-02-10,4300471.18
2021-02-11,4280134.96
2021-02-12,4259798.74
2021-02-13,4239462.52
2021-02-14,4219126.3
2021-02-15,4198790.08
2021-02-16,4198790.08
2021-02-17,4219126.3
2021-02-18,4219126.3
2021-02-19,4198790.08
2021-02-20,4198790.08
2021-02-21,4178453.86
2021-02-22,4158117.64
2021-02-23,4137781.42
2021-02-24,4117445.2
2021-02-25,4117445.2
2021-02-26,4117445.2
2021-02-27,4117445.2
2021-02-28,4097108.98
2021-03-01,4097108.98
2021-03-02,4097108.98
2021-03-03,4076772.76
2021-03-04,4076772.76
2021-03-05,4056436.54
2021-03-06,4056436.54
2021-03-07,4036100.32
2021-03-08,4015764.1
2021-03-09,3995427.88
2021-03-10,3975091.66
2021-03-11,3954755.44
2021-03-12,3934419.22
2021-03-13,3914083.0
2021-03-14,3893746.78
2021-03-15,3914083.0
2021-03-16,3914083.0
2021-03-17,3893746.78
2021-03-18,3873410.56
2021-03-19,3873410.56
2021-03-20,3873410.56
2021-03-21,3853074.34
2021-03-22,3853074.34
2021-03-23,3832738.12
2021-03-24,3812401.9
2021-03-25,3832738.12
2021-03-26,3893746.78
2021-03-27,3893746.78
2021-03-28,3873410.56
2021-03-29,3893746.78
2021-03-30,3873410.56
2021-03-31,3893746.78
2021-04-01,3873410.56
2021-04-02,3853074.34
2021-04-03,3832738.12
2021-04-04,3812401.9
2021-04-05,3812401.9
2021-04-06,3792065.68
2021-04-07,3792065.68
2021-04-08,3771729.46
